,title
0, 23일 1592명 코로나19 확진…사망자 2명
1,교육청 전국도교육감협의회 총회 개최
2,국민의힘 당 스마트 물 산업 육성 정책토론회 개최
3,수도권 주택 가격 35% 거품…지방도 세종 60%· 23% 등
4, 미래융복합 교통인프라 구축 업무 협약 체결
5,앞장선  IB 교육 ‘전국 교육 이끈다’
6, 달서구 빌라 건물서 불…1명 부상·8명 대피
7,·경북 가끔 구름 많음…낮 23~28도
8,"""슈퍼카·튜닝카 보러 오세요""…24~25일 서 스트리트모터페스티벌"
9,"홍준표 장 尹 비속어 논란에 ""잘못 인정해야…계속 끌면 국민적 신뢰만..."
10, 1436명 신규 확진…사망자 8명 추가
11,전국도교육감협의회 서 총회…IB교육 확산 계기
12,[단독]  수돗물에서 나온 '연두색 물질' 녹조?
13, 2022 민생활체육대축전 개최
14,후배 성추행한 선배들 쉬쉬한 코치들...  고교 발칵
15, 이슬람사원 '공사 중지' 취소소송 대법서 최종 승소
16,코로나 신규 확진  1592명·경북 1648명
17, 26일부터 실외마스크 착용 자율 전환
18,"기후위기비상행동 ""범정부적 기후위기 대책 "" 촉구"
19, 제22회 국제식품산업전 개최
20,'돌싱글즈' 추성연 에 여자친구 생겼나…럽스타그램?[TEN★]
21, 아침 16도 낮 27도…큰 일교차 유의
22, 1592명·경북 1648명 확진…감소세 계속
23,의회 행정사무 감사 민제보상황실 운영
24,GS건설  '대명자이 그랜드티' 10월 분양
25,"이정선 광주교육감 옛 감옥터 참배 눈길…""역사 현장 교훈"""
26,홍준표 장 해프닝과 가십만 온통 나라 뒤덥어 나라 현실 안타까워
27,의회 행감 민제보상황실 운영
28,"'미분양 무덤' 에 이달 중 2300가구 신규 분양…""성공 장담 못해"""
29,‘2022 스트리트모터페스티벌’ 3년 만에 열려
30,·경북 25일 구름 많음··· 아침 최저 14도
31,깊어가는 가을…·경북 일교차 10도 이상
32, 골목상권 활성화 홍보 콘텐츠 공모
33,8개의 테마로 걷는 문학로드... 문학관광의 보고
34, 미래 융복합 첨단교통정보 서비스 촉진
35, 군부대 이전 본격화…홍 장 “국방부와 연내 MOU 목표”
36," 저소득 조손가정 조부모 대부분 ""10년 이상 손자녀 키웠다"""
37,국민 97% 코로나 항체 보유…'미진단 감염자'  19.3·경북 22.1%
38,[오늘의 날씨]·경북(24일토)…아침기온 뚝 일교차 10도 이상
39,대·영진전문대·계명문화대·가톨릭대 [대학소식]
40, 신성장 거점 '도심융합특구' 2년째 답보 상태
41, 아파트 매매가격 45주째 하락
42,전국교육감협의회 총회 서 개최…10개 안건 심의
43,전국도교육감협의회 서 제86회 총회 개최
44,"서 만난 홍준표-안철수…""비정상적 구조로 정부·여당 움직여"""
45, 자동차 검사장서 불…인명피해 없어
46,학부모단체 “퀴어행사 도로점용 강력 단속해야”
47, 1436명 신규 확진 사망 8명
48,"링크맨·정은주 ""2022 포크페스티벌' 출연"
49,행복진흥원 초대 원장 정순천 전 의원 내정
50,최근 5년 서 폭행당한 구급대원 48명
51,교육청 장애학생 대학생활 체험 프로그램 운영
52,밀양서 거리행진 펼치는 취타대
53,제19회 국제오페라축제 개막작 '투란도트' 리허설
54,자치경찰위 '세이프-홈 지원 사업' 확대 실
55,“오페라의 가을”…국제오페라축제 23일부터 58일간 개최
56,교통공사 '안전대전환' 취약설 집중안전점검
57,·경북 가끔 구름 많음…낮 23~25도
58, 남구 '고미술과 인사하기'
59,동산병원 찾은 안철수 “봉사 정신·해결력 갖춘 사람만 정치해야”
60,환경청 칠곡보·강정고령보 조류경보 '관심' 단계 발령
61,생탁 '국제식품산업전' 참가
62,코레일 경북 ESG경영 탄소중립 합동 캠페인
63,지검 불법 해외송금 가담한 우리은행 전 지점장 구속
64,서 음주 차량 분식점 돌진···7명 다쳐
65,‘코로나가 바꾼 식품 트렌드 한눈에’…국제식품산업전 개막
66,티웨이항공 외국인 승객에게 파워풀K팝콘서트 티켓
67,"홍준표 ""기득권 카르텔 깨는 것이  영광 재현"""
68,의회  산하 공공기관장 인사청문회 실
69,"""죽은 낙타 다른 동물 먹이로""… 동물원 운영자 집행유예"
70,오페라축제 58일간 대장정 돌입…개막작 '투란도트'
71," 노동단체 전국동다발 노동자대회 개최…""정부 노동 정책 규탄"""
72, 10가지 대표 음식 트롯으로 홍보한다
73,[] 비수도권 최대 규모 ' 국제식품산업전' 개최
74, 9월 26일부터 실외 마스크 착용 자율 전환
75, 수성구 등 조정대상지역 해제…세종 제외 비수도권 전역 규제 풀렸다
76,보이스피싱 피해액  896억·경북 1331억
77,가톨릭대 2022 DCU  리크루트 투어 '인기'
78,행복진흥원장에 정순천 전 의원 내정
79,지검 우리은행 본점 압수수색…‘수상한 외화 송금’ 수사
80,'마스크 야외착용 해제' 앞둔 24일 ·경북 3240명 확진
81,문화예술진흥원장 다 공모… 반쪽짜리 출범 불가피
82,“튜닝카·수퍼카를 한자리에서”…서 스트리트모터페스티벌
83, 대학생 학자금대출 부담경감 지원 사업 추진
84," 인권단체들 ""인권위원회 폐지 철회·인권보장 책무 다하라"""
85, 1828명 코로나19 확진…사망자 4명
86,[오늘의 날씨]·경북(23일 금)…낮 최고 28도 동해안 강풍 주의
87,[기고] 현대인 삶에 대한 여섯 가지 춤의 스펙트럼 '2022 춤페스티벌'
88,·경북 대체로 맑음…낮 21~25도
89,'취업 잡고 인재 잡고'… 영진전문대 22~23일 '취업박람회'
90,"민주 당 ""홍준표 장 즉흥 정책 철저 감"""
91, 남구 제6회 공룡을 그려보자 사생대회 개최
92,클래식 발레의 정수…국립발레단 '백조의 호수' 29~30일 서 공연
93,'군위  편입안' 행안위 소위 상정 불발
94,이정선 광주교육감 옛 감옥터 참배 눈길
95, 중구지역자활센터 전국 지역자활센터 성과평가서 우수기관 선정
96,국민의힘 당 스마트 물산업 육성 방안 정책토론회 개최
97,[i동네방네]는 젊은이 축제중
98,인사말 하는 홍준표 장
99, 수성못 축제 사흘간 열려
100,서 음주 차량 분식점 돌진···7명 다쳐
101,‘코로나가 바꾼 식품 트렌드 한눈에’…국제식품산업전 개막
102,티웨이항공 외국인 승객에게 파워풀K팝콘서트 티켓
103,"홍준표 ""기득권 카르텔 깨는 것이  영광 재현"""
104,국제식품산업전 오는 22일 개막
105,"""죽은 낙타 다른 동물 먹이로""… 동물원 운영자 집행유예"
106,의회  산하 공공기관장 인사청문회 실
107,오페라축제 58일간 대장정 돌입…개막작 '투란도트'
108," 노동단체 전국동다발 노동자대회 개최…""정부 노동 정책 규탄"""
109, 10가지 대표 음식 트롯으로 홍보한다
110,[] 비수도권 최대 규모 ' 국제식품산업전' 개최
111,정은주-링크맨 2022 포크페스티벌 출연
112,정순천 전 의원 행복진흥원 초대 원장 내정
113, 9월 26일부터 실외 마스크 착용 자율 전환
114,오페라축제 개막…개막작 ‘투란도트’
115," 기후위기 비상행동 ""기후정의 행동 작할 것"""
116, 수성구 등 조정대상지역 해제…세종 제외 비수도권 전역 규제 풀렸다
117,보이스피싱 피해액  896억·경북 1331억
118,가톨릭대 2022 DCU  리크루트 투어 '인기'
119,행복진흥원장에 정순천 전 의원 내정
120,지검 우리은행 본점 압수수색…‘수상한 외화 송금’ 수사
121,'마스크 야외착용 해제' 앞둔 24일 ·경북 3240명 확진
122,문화예술진흥원장 다 공모… 반쪽짜리 출범 불가피
123,“튜닝카·수퍼카를 한자리에서”…서 스트리트모터페스티벌
124, 대학생 학자금대출 부담경감 지원 사업 추진
125," 인권단체들 ""인권위원회 폐지 철회·인권보장 책무 다하라"""
126,서 음주운전 수입 승용차 분식점 돌진…7명 부상
127, 1828명 코로나19 확진…사망자 4명
128,교육청 장애학생 진로 설계
129,[오늘의 날씨]·경북(23일 금)…낮 최고 28도 동해안 강풍 주의
130,[기고] 현대인 삶에 대한 여섯 가지 춤의 스펙트럼 '2022 춤페스티벌'
131,오페라축제 개막…개막작 ‘투란도트’
132,전국교육감협의회 총회 22일 서 개최…10개 안건 심의
133,·경북 대체로 맑음…낮 21~25도
134,'취업 잡고 인재 잡고'… 영진전문대 22~23일 '취업박람회'
135,"기후위기비상행동 ""기후재난 예방책 촉구"""
136,"민주 당 ""홍준표 장 즉흥 정책 철저 감"""
137, 남구 제6회 공룡을 그려보자 사생대회 개최
138,[]  도로교통공단·내비게이션 기업과 업무 협약
139, 10미 알릴 트로트 '의 맛' 음원 출
140, 남구 제6회 공룡을 그려보자 사생대회 개최
141,클래식 발레의 정수…국립발레단 '백조의 호수' 29~30일 서 공연
142,[]  도로교통공단·내비게이션 기업과 업무 협약
143,'군위  편입안' 행안위 소위 상정 불발
144,이정선 광주교육감 옛 감옥터 참배 눈길
145, 10미 알릴 트로트 '의 맛' 음원 출
146,의회 행정사무감사 민제보상황실 운영
147, 중구지역자활센터 전국 지역자활센터 성과평가서 우수기관 선정
148,세계 오페라의 진수 서 만끽하세요
149,정순천 전 의원 초대 행복진흥원 원장 선임
150,가을 58일간 는 오페라의 선율 바다
151,GS건설  '대명자이 그랜드티' 10월 분양
152,국민의힘 당 스마트 물산업 육성 방안 정책토론회 개최
153, 미래 융복합 첨단교통정보 서비스 촉진
154,"[]  군부대 이전 속도...""관·군 협의체 구성 예정"""
155,[i동네방네]는 젊은이 축제중
156, 2022 스트리트모터페스티벌 개최
157,인사말 하는 홍준표 장
158, 수성못 축제 사흘간 열려
159,-광주 청년들 달빛교류 이어간다 외 [소식]
160,인사말 하는 홍준표 장
161,-광주 청년들 달빛교류 이어간다 외 [소식]
162,'민원탁회의' 8년 만에 폐지
163,변화된 트렌드 한눈에…서 국제식품산업전 열려
164, 수성못 축제 사흘간 열려
165," ""미래 융복합 교통인프라 구축 및 서비스 추진 업무협약 체결한다"""
166,티웨이항공 외국인 대상 ' K-POP 콘서트' 티켓 제공
167,'군위  편입' 국민의힘 원내대표 29일 중재 도
168,'득녀' 두산 외인 스탁 29일까지 출산 휴가…30일  삼성전 선발 예정 [오...
169, '빛솔합창단' 제10회 전국 발달장애인 합창대회 대상
170, '빛솔합창단' 제10회 전국 발달장애인 합창대회 대상
171,2022 민생활체육대축전 개최
172,세종·인천 서·남동·연수구 투기과열 해제…부산··대전 조정지역 해제...
173,의회 행정사무 감사 민제보상황실 운영
174,교육청 '제86회 전국도교육감협의회 총회' 개최
175,초대 행복진흥원장에 정순천 前 의원 내정
176,제86회 전국도교육감협의회 총회 22일 서 개최
177,서 음주운전 승용차 분식점 들이받아…7명 부상
178, 도로교통공단-4개 지자체-민간기업 업무협약 체결
179,[동정] 강은희 교육감 2022 교육청 도서관축제 참석
180,전국 교육감들 획일적 주입식 교육 배격하는 IB학교 참관
181, '2022 스트리트 모터페스티벌' 개최
182, 지자체 첫 인권위 폐지…“인권행정 포기한 것”
183, 초·중·고 10곳 중 7곳 반경 1km 내 성범죄자 거주
184,생탁 22일부터 4일간 '국제식품산업전' 참가
185,'따뜻한 집 찾은' 프로농구 한국가스공사 와 연고 협약
186, 행복진흥원 원장에 정순천 전 의원 내정
187,'민생활체육대축전' 24일 팡파르
188,서 음주운전 승용차 분식점 돌진…7명 부상
189,인사말 하는 강은희 교육감
190,인사말 하는 강은희 교육감
191,전국도교육감협의회 '제86회 총회' 서 열려
192,17개 ·도 교육감 에 모인다…22일 총회
193,[포토] 경북농업기술원 제22회 국제식품산업전 참가
194,[동정] 홍준표 장 ‘2022 경북기자협회 체육대회’ 참석
195,"경북연구원 노조 ""연구원 분리 및 해산 반대"""
196, 노동자 대회 “노동간 유연화 막고 노조법 개정하라”
197, 수성못 주변 주상복합 취소 소송 수성구청 최종 승소
198,이정선 광주교육감 남도 의병 순국현장 감옥 참배
199,GS건설  '대명자이 그랜드티' 1501가구 분양
200,"서 만난 洪·安 ""당 운영이 기가 막혀"" ""같은 생각"""
201,"""31년 경북연구원 분리 반대"" 노조 반발"
202," 수성·포항 남구 조정대상지역 해제…""거래 숨통 기대"""
203,전국도교육감협의회 서 총회…지방교육재정교부금 특위 등 구성
204,'제19회  국제오페라 축제' 열려
205,서 근현대 문학의 향기를…'문학로드' 8개 코스로
206,"진보성향 교육단체 서 ""과도한 입경쟁 대학서열제 폐지해야"""
207," 군부대 이전 '청신호'···국방부 ""적극 검토"""
208,"홍준표-안철수 서 회동···""당이 빨리 정상화돼야"""
209,"""진작에 풀어주던가""…'미분양'  규제 해제에도 '큰둥'"
210,티웨이항공 외국인 대상 ' K-POP 콘서트' 홍보
211, 2132명 코로나19 확진…사망자 2명
212, 생활체육대회 24일부터…20개 종목에 민 3천명 참가
213,[경북 고교 재경총동창회 탐방] (6) 일제강점기  민 함께 세운 '대...
214,교육감들과 인사하는 홍준표 장
215, 북부서 지역경찰 대상 찾아가는 응급처치 교육 실
216,직업계고 부스 체험하는 지역 중학생들
217,“도심 하천에서 항상 물놀이를”… 신천 수변공원으로 조성
218,2위 서울·3위  다 제쳤다…'대한민국 도 브랜드평판' 대망의 1위는...
219, 세이프홈 지원 확대
220,직업계고 부스 체험하는 지역 중학생들
221,2위 서울·3위  다 제쳤다…'대한민국 도 브랜드평판' 대망의 1위는...
222, 세이프홈 지원 확대
223, 특수학급 연합 '빛솔합창단' 전국 합창대회 대상
224,[24] -광주 청년 광주청년주간서 '달빛교류 빛낸다'
225, 제22회 국제식품산업전 개최
226,행복진흥원 초대원장에 정순천 전 의원 내정
227, 스트리트 모터 페스티벌 쇼 개최
228,'다 함께 걷다'… 수성못페스티벌 23~25일 개최
229, 빛솔합창단 전국 발달장애인 합창대회 대상 수상
230, 빛솔합창단 전국 발달장애인 합창대회 대상 수상
231, '2022 민생활체육대축전’개최
232, 1592명 신규 확진 전주 대비 35.5% 감소…사망 2명 추가
233,행복진흥원 초대 원장에 정순천 전 의원
234,의회 행정사무 감사 민제보 접수
235,초고층 주상복합 '역 센트레빌 더 오페라' 30일 견본주택 개관
236, 달서구 빌라 3층서 불…1명 부상‧8명 대피
237,[오늘 날씨] ·경북 맑고 선선…나들이 최적
238,[이주의 카드] 신협 DGB은행
239,[소식] 중부소방서 관계인 소방훈련 경진대회 우수대상 표창 수여 등
240,[소식] 중부소방서 관계인 소방훈련 경진대회 우수대상 표창 수여 등
241,지역 롯데백화점 야외활동 관련 상품군 강화
242,신규 확진  1436명·경북 1627명
243,의회 공공기관장 후보자 청문회 실
244,세무사회 태풍피해 이재민 성금 전달
245, 제22회 국제식품산업전 개최
246,정순천 전 의원 행복진흥원장 내정
247,""" 군부대 오라"" 칠곡 민간 조직 꾸려…군위·상주·영천도 유치전"
248,환경청 낙동강 조류경보 발령
249,의회 '민제보 상황실' 운영…행정감사 대비
250,'2022 민생활체육대축전' 개최
251,"""480명 대피 조치""…북진하는 태풍 '난마돌' 오전 11  최근접"
252,환경청 낙동강 칠곡보·강정고령보에 조류 경보 '관심' 단계 발령
253, 군부대 이전 급물살… 칠곡·군위·영천·상주 ‘러브콜’
254, 자치경찰위 세이프 홈 세트 지원·치안 촘촘
255, 동구청 민안전테마파크 현장체험교육 실
256,교육청 학교주변 유해업소 점검·단속
257, 10미(味) 트로트로 제작됐다
258,“ 신천에서 ‘강수욕’ 즐겨볼까”
259,2022  콘텐츠페어 개막
260,코로나가 바꾼 식품 트렌드 한눈에…국제식품산업전
261,TK신공항 건설 올인하는 
262,'추분' ·경북 구름 많고 포근···낮 최고 23~28도
263, 소비재 제품 호찌민 홍보행사에 1천200여명 방문
264,[포토] 문도엽 ' 경북 골프팬들의 응원에 화답'
265,[단독] ‘당심 잡기’ 나선 안철수 서 홍준표 장 만난다
266,2022  스트리트 모터 페스티벌 개최
267,영남대병원  첫 하이브리드 스텐트 그라프트 대동맥 수술 행
268,“ 공공기관장 내정자 철저 검증 촉구”
269,한국법무보호복지공단 지부 법무보호대상자 위한 '2022 취업박람회' 개최
270,한국법무보호복지공단 지부 법무보호대상자 위한 '2022 취업박람회' 개최
271,국내 유일 길거리 모터쇼 ‘스트리트모터페스티벌’ 3년 만에 개최
272,  민생활 체육 대축전 개최
273,도 농업인의 축제…도농업박람회 30일부터 나흘간 개최
274,신규 확진… 1436명·경북 1627명
275, 국제 식품산업전 달빛동맹 교류의 장으로
276, 미래 융복합 교통정보 서비스 촉진
277,교육청 직업교육 박람회 '특ㆍ마 Festival' 개최
278,[포토뉴스] 국제오페라축제 화려한 개막…개막작 '투란도트'
279, 한 고교 운동부서 성추행 등 학폭 고소…조사중
280,[포토뉴스] 국제오페라축제 화려한 개막…개막작 '투란도트'
281, 한 고교 운동부서 성추행 등 학폭 고소…조사중
282,생탁 식품대전 '국제식품산업전' 참가
283,태풍 난마돌 오전 11  낮 12 포항 최근접
284, 민주노총 “尹 정부 반노동 정책 멈춰야”
285,행복진흥원 초대 원장에 정순천 전 의원 내정
286,10미(味) 알릴 ‘의 맛!’음원 출
287,"홍준표 장 ""깊어가는 가을 명작 오페라 보러 로 오십오"""
288, 1592명·경북 1648명 확진…사흘 연속 각 1천명대
289,·구미 물싸움에… ‘암각화 보존’ 물 건너갈 판
290,출범 코앞인데…문화예술진흥원 원장 재공모 실
291,·경북 코로나 19 확진자 감소세···사망자는 11명이나 나와
292,민주노총 본부 “정부 반노동 정책 멈춰야”
293,우리복지연합 “민선 8기 는 전과자 선호하나”
294,"기후위기비상행동 ""이대로 살수 없다... 기후정의 행동 작할 것"""
295,개막 하루 앞둔 국제오페라축제
296,'2022 민생활체육대축전' 3년 만에 개최
297,경북서 각 1천명대 신규 확진...추가 사망 5명( 2명 경북 3명)
298, 민주노총 하반기 투쟁 선포…24일 노동자대회 개최
299,의회 행정사무감사 민제보상황실 운영
300,'2022 민생활체육대축전' 3년 만에 개최
301,"기후위기비상행동 ""이대로 살수 없다... 기후정의 행동 작할 것"""
302,행복진흥원 초대원장에 정순천 전 의원 내정
303,경북서 각 1천명대 신규 확진...추가 사망 5명( 2명 경북 3명)
304, 민주노총 하반기 투쟁 선포…24일 노동자대회 개최
305,의회 행정사무감사 민제보상황실 운영
306,"특급 신인의 데뷔 첫 끝내기 홈런 소감 ""아직도 얼떨떨하다"" [오!쎈 ]"
307, 이슬람사원 '공사중지 취소' 대법판결에도 갈등해소 '험로'
308,"""수상한 외환거래 포착"" 지검 우리은행 본점 압수수색"
309, 신천 고품격 수변공원으로 탈바꿈한다
310,‘이색 길거리 모터쇼’… 2022 스트리트모터페스티벌 24일 개막
311,콘텐츠페어 30일 개막…창작자 중심 전회로 'e-fun' 개편
312,“ 공공기관장 내정자 철저한 검증 촉구”
313,행복진흥원 원장에 정순천 전 의원 내정
314,가톨릭대 '2022 DCU  리크루트 투어' 개최
315,한의대 청소년과 함께하는 동물교감 프로그램 운영
316,교육청 2년 만에 방글라데 교원 초청 교육정보화 연수
317,후배 성추행한 선배 코치는 소극 대처… 고교 운동부 발칵
318, 이슬람사원 건축주 최종 승소
319,패키지 이전  도심 군부대 어디로…연내 국방부· MOU 예상
320, 이슬람사원 건축주 최종 승소
321,패키지 이전  도심 군부대 어디로…연내 국방부· MOU 예상
322,-구미 물싸움에…'선사대 암각화' 보존 비상 걸렸다
323,"""반값까지 나왔다""  아파트가 어쩌다 이런 일이…"
324,[포토] 마지막조를 따라 이동하는  경북 골프팬들
325,""" 고교 운동부서 후배 폭행·성추행"" 신고…교육당국·경찰 조사착수"
326,‘의 맛’ 트로트에 담았다… 10미 음원 발매
327,설공단 대통령경호처장기 사격대회 금메달
328,이정선 광주교육감 남도 의병 순국현장 감옥 참배
329,경북연구원 해산 분리 반발
330,'제22회 국제식품산업전' 22~25일  엑스코서 열려
331,가톨릭대 리크루트 투어 개최…25개 기관·기업 참가
332,[동정] 홍준표 장
333,생탁 국제식품산업전참가…음회·특별 할인행사’ 진행
334, 기업 ‘멜라카 스튜디오’ “‘애니 먹방’으로 세계로”
335, 10미(味) 알릴 K트롯 '의 맛' 음원 눈길
336,교육청 제86회 전국도교육감협의회 총회 서 열어
337,[포토] 문도엽 '수많은  경북팬들앞에서 에이밍'
338,서 전국도교육감협의회 총회
339," ""26일부터 실외마스크 착용 자율적으로 한다"""
340,GS건설 서 '대명자이 그랜드티' 10월 분양
341,교육청 직업교육 박람회 '특·마 Festival' 20~21일 개최
342,홍준표 장 “깨끗한 삶의 공간 속에서 아이들 웃음소리 넘치게 하겠다”
343,의회  조례안 잇따라 보류…핵심과제 ‘제동’
344, 수출 18개월 연속 성장세…경북은 상승세로 전환
345,2022 스트리트모터페스티벌 24일 개막
346, 달서구 빌라 불 10여분만에 진화…1명 부상·8명 대피
347, 차부품 수요처 다변화 나섰다…GM 찾아 ‘테크쇼’ 개최
348,병든 낙타 방치해 죽자 먹이로… '동물 학대' 동물원 대표 집유
349,·경북 대체로 맑고 일교차 커… 낮 24도
350,·경북 대체로 맑고 일교차 커… 낮 24도
351,서 전국도교육감협의회 총회
352,대법 “ 북구청 이슬람 사원 공사 중지 취소해야”
353,·경북 가끔 구름 많음…낮 19~23도
354, 2612명 코로나19 확진…사망자는 5명
355,영진사이버대 사회적기업협의회와 산업체위탁 교육협약
356,의회 행정감사 대비 ‘민제보 상황실’ 운영
357,이정선 광주교육감 남도 의병 순국현장 감옥 참배
358,비수도권 최대 규모 제22회 국제식품산업전 개최
359,서 고교 운동부 학폭 신고…성추행 여부도 조사
360,서 고교 운동부 학폭 신고…성추행 여부도 조사
361,낮과 밤의 길이 같은 ‘추분’…·경북 큰 일교차 
362,-GMTCK  미래 자동차 '테크쇼' 선봬
363,'이상 외환거래' 추적 지검 우리은행 본점 압수수색… 직원 1명 체포
364,'2022 민생활체육대축전' 24~25일 15개 경기장서 개최
365,GS건설  '대명자이 그랜드티' 10월 분양
366,내일부터 에서 국제 식품산업전 열린다
367,"홍준표 장 ""군부대 통합 이전 연내 가화"""
368, 2022 스트리트모터페스티벌 개막
369,'2022 포크페스티벌'에 '가수' 정은주‧' 밴드' 링크맨 출연
370,'2022 포크페스티벌'에 '가수' 정은주‧' 밴드' 링크맨 출연
371,ABB 기업들 에 몰려든다
372,지검 '수상한 외환거래' 관련 우리은행 본점 압수수색
373,악수하는 홍준표 장과 안철수 의원
374,경북연구원 노조 “연구원 해산은 현행법 위반”
375,행복진흥원 원장에 정순천 전 의원 내정
376,국제식품산업전 22일-25일 엑스코 개최
377,·경북권 4년제 대학 수1차 경쟁률 소폭 하락
378,'아파트 거래 찬바람'  분양전망지수도 추락…46.7→39.3
379, 고교 운동부서 성추행 등 학교폭력 신고…경찰 수사
380, 고교 운동부서 성추행 등 학교폭력 신고…경찰 수사
381, 자동차 검사장서 불…30분 만에 진화
382, 수성구 조정대상지역 해제에 부동산업계는 '글쎄'
383,GS건설  남구 '대명자이 그랜드티' 내달 분양
384,K리그 파이널라운드 일정 확정···FC 홈 2경기
385,문학관 '8개 테마로 걷는 문학로드' 운영
386, 달서구 빌라 3층서 불…20대 여성 1명 화상
387,윤 대통령 국정 지지율 34.4%... ·경북과 60대 상승폭 컸다
388,·경북 '난마돌 영향' 흐리고 비…낮 21~28도
389,미스트롯 김나희 '의 맛' 음원 발매… 제작
390,동산병원 서문장에서 무료 의료상담
391,로 본사 이전 티웨이 ‘파워풀 K-팝콘서트’ 홍보 앞장
392,행복진흥원 원장에 정순천 전 의원 내정
393,' 인권위원회' 폐지 결정에 민단체 거센 반발
394,국립발레단의 '백조의 호수' 서 공연
395,-광주 청년 달빛교류
396,""" 물산업 육성 방안은?"""
397, 교육청장애학생 대학생활 체험 프로그램 운영
398,"홍준표 ""침체주범은 기득권 카르텔…그걸 깨는 데서  영광 재현 작"""
399,"""맑아진 신천에서 어린이 수영대회를""… 고품격 수변공원화 사업 공개"
400,"""맑아진 신천에서 어린이 수영대회를""… 고품격 수변공원화 사업 공개"
401,서울· 등 7곳 학교 수은 폐기 ‘0’
402,행복진흥사회서비스원장에 정순천 전 의원 내정
403, 상수도사업본부 저수율 회복에 '수계 정상화'
404,코레일 경북본부 ‘ESG경영 탄소중립 합동 캠페인’
405,의회  공공기관장 후보자 인사 청문회 개최
406,[의회] 여성·청년 위한 조례 잇따라 발의
407,한국가스공사 페가수스 와 연고지 협약
408,제86회 전국도교육감협의회 서 열려 'IB교육 관심 확산'
409, 2132명 확진 사망 2명
410,은행권 이상 외화송금 72.2억 달러…은행 1천만 달러
411,가스공사 와 연고지 협약 체결
412, 행복페이 올해 예산 조기 소진
413,제19회 국제오페라축제 개막…가을에 즐기는 오페라 성찬
414, 新川 고품격 수변공원 탈바꿈
415,해묵은 현안…의회 '3급 직위' 신설 건의
416, 치안 안심 홈세트 지원으로 ‘안전·촘촘’
417,"""티웨이항공 외국인 고객 ' 케이팝 콘서트' 보러 오세요"""
418,침체된  골목상권 홍보 콘텐츠 공모
419,전국도교육감협의회 서 개최
420,침체된  골목상권 홍보 콘텐츠 공모
421,전국도교육감협의회 서 개최
422, 서문장 찾은 안철수
423, 수성못 인근 주상복합 건설 공방 수성구청 최종 승소
424,·경북 찬 공기 유입…급격한 기온변화
425, 남구 치매극복 건강한마당 행사 개최
426, 군부대 통합이전 가화…홍준표 “올해 안에 국방부와 양해각서 체결 목...
427,'연고지 이전 1년 만에' 가스공사 와 연고지 협약
428,민주당  북구갑 지역위 정책간담회 개최
429,DGB은행 즐겨 쓰는 5개 영역 할인 'DGB i 카드' 출
430, 남구 치매극복 건강한마당 행사 개최
431, 군부대 통합이전 가화…홍준표 “올해 안에 국방부와 양해각서 체결 목...
432,'연고지 이전 1년 만에' 가스공사 와 연고지 협약
433,민주당  북구갑 지역위 정책간담회 개최
434,DGB은행 즐겨 쓰는 5개 영역 할인 'DGB i 카드' 출
435,문화예술회관 국립발레단 백조의 호수 개최
436,[르포] “고개만 돌리면 보이는 크레인”… 도 개조 진행되는  가보니
437,TBC) IB교육..전국 교육감 '이목집중'
438,경북 군위군 편입 법안 상정 불발… 속 타는 ·군위
439, 슈퍼카서 튜닝ㆍ캠핑카까지…“다 모였네”
440,서 음주운전 차량 영업중 음식점 돌진…7명 부상
441,TBC) IB교육..전국 교육감 '이목집중'
442, 중구  스트리트 모터 페스티벌 24~25일 개최
443, 제86회 전국도교육감협의회 총회 개최
444,비수도권 최대 규모…국제식품산업전 22~25일 개최
445,국힘 차기 당권주자 유승민·김기현·윤상현 서 잇단 '강연정치'
446,'제19회 국제오페라축제' 개막 D -1
447, 생활체육 동호인 화합의 장 연다
448,이정선 광주교육감 남도 의병 순국현장 감옥 참배
449,서 2612명 신규 확진…전주 대비 24.6% 감소
450,'제19회 국제오페라축제' 23일 개막
451,이정선 광주교육감 남도 의병 순국현장 감옥 참배
452,서 2612명 신규 확진…전주 대비 24.6% 감소
453,의회 행정사무감사 민제보상황실 운영
454, 행복진흥원장에 정순천 씨 내정
455,가스공사 농구단 '팀' 확정…연고지 협약 체결
456,“ 오페라로 물들다”…국제오페라축제 리허설 [포토뉴스]
457, 찾은 안철수 의원
458,행복진흥원 원장에 정순천 전 의원 내정
459,의회 민제보 경청… 민에 희망‧용기 드리겠다
460, 찾은 안철수 의원
461,행복진흥원 원장에 정순천 전 의원 내정
462,의회 민제보 경청… 민에 희망‧용기 드리겠다
463,[소식] 영남이공대 메타버스애니메이션과 신설
464,보건대-경남도립거창대 대학원격교육지원 ‘맞손’
465,[동정] 홍준표 장 고산·매곡 정수사업소 잇따라 점검
466,"""우리가 호국의 도""…경북 지자체들  군부대 유치전"
467,일교차 큰 가을 날씨 ·포항 낮 27도
468,안철수 류규하  중구청장과 악수
469, 이슬람사원 건축 공방 대법은 건축주 손 들어줬다
470, 이슬람사원 건축 공방 대법은 건축주 손 들어줬다
471, '세이프 홈' 지원 대상 늘려
472,전국 도 교육감협의회 22일 에서 개최
473,·경북 코로나 19 신규 확진 뚜렷한 감소세
474,경북 섬유 수출액 작년보다 늘었다
475,' 10味' 알릴 세미 트로트풍 노래 '의 맛' 나왔다
476,·경북 독감 백신 무료 접종…어린이부터 작
477, 3년만에 민생활체육대축전 개최
478,"""흰 구두 신어서…"" 일상 대화 속 위험 알아챈 경찰청 정주희 경위"
479, 신천 고품격 수변공원으로 조성
480,9월  분양·입주장 냉랭…가을 성수기 무색
481,‧경북 각 1천명대 신규 확진…사망자 11명 늘어(종합)
482,3파전 확장?.. 군부대 유치전 '가열'
483,[청라언덕] 흠뻑쇼와 스타디움
484,·경북 대체로 맑음···내륙 일교차 커
485,제14회 구례전국여자 대학장사씨름대회서 우승한 대학교
486,동산병원 찾은 안철수 의원
487, 수성구 청년축제 성료
488, 24~25일까지 '2022 스트리트모터페스티벌' 개최
489, 군부대 통합 이전따라 경북 4곳 ‘유치 경쟁’ 치열
490,동산병원 찾은 안철수 의원
491, 수성구 청년축제 성료
492, 24~25일까지 '2022 스트리트모터페스티벌' 개최
493, 군부대 통합 이전따라 경북 4곳 ‘유치 경쟁’ 치열
494,'식품 트렌드를 한 눈에'.. 국제식품산업전 개최
495,지검 '불법 외화 송금' 서울 우리은행 본점 압수수색
496,"""경력단절 및 미취업 여성 취업상담 합니다"""
497,"홍준표·안철수 서 회동…""당이 빨리 정상화돼야"""
498,정일균 의원  청년예술인 창작활동 기반 마련 조례안 발의
499,한국가스공사 농구단 와 연고지 협약...본격 비상 작
500,"홍준표·안철수 서 회동…""당이 빨리 정상화돼야"""
501,정일균 의원  청년예술인 창작활동 기반 마련 조례안 발의
502,한국가스공사 농구단 와 연고지 협약...본격 비상 작
503, 10味 알리는 트로트 곡 ‘의 맛’ 음원 발매...작곡가 김재곤 가수...
504,전국도교육감협의회 총회 22일 서 개최
505,·광주 청년들 ‘달빛교류’에서 하나로
506, 치안 ‘안심 홈세트’ 지원 확대…맞춤형 치안 서비스
507,행복진흥원 원장에 정순천 전 의원 내정
508,코나아이 개인택운송사업조합과 '택 앱미터기' 공급 계약 체결
509,한의대 경북교육청 교사 등 대상 한방 웰니스 직무체험 연수
510,한의대 경북교육청 교사 등 대상 한방 웰니스 직무체험 연수
511, 21일 1828명 신규 확진…1주일 새 절반 감소
512,10미(味) 알릴 K트롯 가요 '의 맛' 음원 출
513,-한국가스공사 프로농구단 연고지 협약 체결
514, 942명 코로나19 확진…사망자는 1명
515,진보성향 교육단체 서 대학서열체제 폐지 촉구
516,행복진흥원장 정순천 전 의원 내정
517,안철수 의원 홍준표 장과 환담
518,홍준표 장과 만난 안철수 의원
519,"이만규 의회 의장 ""·도의회 3급 직위 신설해야"""
520,행복진흥원장 정순천 전 의원 내정
521,안철수 의원 홍준표 장과 환담
522,홍준표 장과 만난 안철수 의원
523,"이만규 의회 의장 ""·도의회 3급 직위 신설해야"""
524,서 음주운전 차량 영업중 음식점 돌진…7명 부상
525,정순천 10월 출범 앞둔 행복진흥원 초대 원장 내정
526,경북 농산물 가공업체들 국제식품산업전서 소비자 취향 맞춤 제품 선봬
527, 70세 이상 내년 6월부터 버스 무료
528,운문댐·가창댐 저수율 회복··· 일부 지역 수계 원래대로 환원
529,"인권단체 "" 인권위원회 폐지 철회해야"""
530,정순천 10월 출범 앞둔 행복진흥원 초대 원장 내정
531,경북 농산물 가공업체들 국제식품산업전서 소비자 취향 맞춤 제품 선봬
532, 70세 이상 내년 6월부터 버스 무료
533,운문댐·가창댐 저수율 회복··· 일부 지역 수계 원래대로 환원
534,홍준표 장과 만난 안철수 의원
535,"인권단체 "" 인권위원회 폐지 철회해야"""
536,10미(味) 트롯 가수 김나희… '의 맛'으로 알려
537,8월 ·경북 섬유수출 2억3730만 달러…1년 만에 최저
538,"홍준표 "" 군부대 이전 관·군 협의체 추진"""
539,가을철 야외활동↑…지역 롯데백화점 고객몰이 나서
540,태풍 '난마돌' ·경북 큰 피해 없었다(종합)
541, 민주노총 하반기 투쟁 선포
542,잇따른 '온라인 직거래 사기' 경북서 5년간 5만956건 발생
543, 두류역 초역세권에 초고층 ‘마천루’ 아파트
544,‘인천·세종’ 투기과열지구 해제…부산 해운대‧ 수성 포함 지방 부동산...
545, 민 워라밸 위한 ‘ 워라밸주간’ 개최
546,의회 교통공사사장·공공설관리공단 이사장 인사청문회
547,국제식품산업전 달빛동맹 교류의 장으로
548, 김완섭 기획재정부 예산실장...수성알파티 등 현장 방문
549, 치안 강화할 안심 홈세트 확대 지원
550, 김완섭 기획재정부 예산실장...수성알파티 등 현장 방문
551, 치안 강화할 안심 홈세트 확대 지원
552, ‘골목상권 활성화 홍보콘텐츠’ 공모
553,인사말 하는 홍준표 장
554,교육청 장애학생 대학생활 적응 지원
555,한의대 평생교육원 건강상담 전문가 과정 교육생 모집
556,김진열 군위군수 주말 상주에서 임이자 경북도당위원장 만나  편입 문제...
557, 아파트 매매가 45주 연속 하락…전세가도 40주째 내림세
558, 대학생 학자금대출 부담 경감 지원
559, 동구 민안전테마파크 현장체험교육 실
560,금융노조 총파업에도  각 은행 점포 정상 영업
561, 자동차검사장서 한밤에 불…인명 피해 없어
562,문화예술진흥원장 '적임자 없음'…출범 전부터 삐걱
563,[ 경북] 경상북도 대기 건조한 날씨→산행  화재 예방
564, 고교 운동부서 성추행 등 학교폭력 신고…경찰 수사
565, 자치경찰위원회 세이프 홈지원 사업 확대
566,"홍준표 장 ""군 부대 이전 사업 공명정대하게 추진하겠다"""
567,  자동차부품기업 테크쇼 단독 개최
568,[단독] 홍준표 장·이창용 한국은행 총재 청서 '반짝 만남'…왜...
569,에서 제86회 전국도교육감협의회 총회 개최
570,김태우 의원 사회적 고립청년 지원에 관한 조례안 대표 발의
571, 행복진흥원 초대 원장에 정순천 전 의원 내정
572,영진사이버대 사회적기업협의회와 산업체위탁 교육협약
573,10미(味) 담은 트롯 ‘의 맛’ 음원 출 
574,출신 한국무용가 황윤지 '온나라 전통춤 경연' 총리상
575,[오늘의 날씨]·경북(21일수)…낮 최고 25도 대체로 맑아
576, 자동차검사소 화재...건물 전소
577,[동정] 최재훈  달성군수
578,동구청 민안전테마파크 현장체험교육 실
579,대법원 “ 북구청 ‘이슬람 사원’ 공사 중지는 부당”
580,한의대-지노인전문병원 업무협약 체결
581,제22회 국제식품산업전 개최
582,'일과 학습 병행 기여'…교육감 영남이공대에 감사패
583, 20일 신규확진 2132명 1주 전보다 60% 감소…사망 2명 추가
584,·한국가스공사프로농구단 연고지 협약 체결
585, 고교 운동부서 성추행 등 학교폭력 신고
586,교육청 장애학생 지역 대학생활 체험
587,지검 '수상한 외환거래' 관련 우리은행 본점 압수수색
588,·경북 싱크탱크 경북연구원 31년 만에 분리
589,인천서 혼자 걷는 여성만 노려… 40대 날치기범 서 붙잡혀
590, 중구청 '2022 스트리트모터페스티벌' 행사 개최
591,행복진흥원장에 정순천 전 의원 내정
592,제19회 국제오페라축제 개막작 '투란도트' 총연습
593,환경청 칠곡보·강정고령보 조류경보 ‘관심’ 발령
594,의회 행정사무감사 '민제보상황실' 운영
595,교육청 전국도교육감협의회 총회
596, 일제강점기 미공개 문화예술 자료 대거 발굴
597,서 만취한 여성 수입 승용차로 분식점 돌진…7명 부상
598,의회  산하기관장 후보 인사청문회
599,인문사회대학10기 입학식 개최
600,인문사회대학10기 입학식 개최
601, 민 눈높이 맞춤 스마트 수변공원 조성한다
602, 서구 달콤한 인문학 콘서트 개최
603, 이슬람사원 ‘공사 중지’ 취소소송 최종 승소… 법원 “위법한 행정”
604,홍준표 장 TK신공항 군부대 이전 연내 가화 추진
605,식품 트렌드 한 눈에···'제22회 국제식품산업전' 22일 개막
606,환경청 칠곡보와 강정고령보 조류경보 ‘관심’ 발령
607,·경북 코로나19 신규 확진자 일주일 전보다 1/3 감소
608,경실련 “민 원탁회의 조례 폐지 반대”
609,이만규 의회 의장 ·도의회 3급 직위 신설 제안
610,보건대 청소년 발명 아이디어 경진대회 '대상' 수상
611,교통공사 취약설 집중안전점검 실
612,오페라하우스 창작오페라 연구회 네 편의 창작오페라 선보여
613,[오늘의 날씨]·경북(22일목)…낮 최고 26도 내륙 일교차 10도 안팎
614, 초대 행복진흥원장에 정순천 씨 내정
615,K-트롯으로 ' 10味' 알린다
616,대학교 올 즌 단체전 2관왕 달성
617,행복진흥원 원장에 정순천 전 의원 내정
618, 북구 2022 금호강바람소리길축제 개최
619,의회 '김빠진' 인사청문회
620,의회 '김빠진' 인사청문회
621,2024년까지 물량 쏟아지는  부동산 장...현재 상황과 전망
622,GS건설  '대명자이 그랜드티' 10월 분양 예정
623,·경북에서 '신약개발 위한 연구회' 개최
624,경북우수업체 '국제식품산업전' 참가…공격적 마케팅 나서
625,[태풍 '난마돌'] 태풍 북상···오전 11  낮 12 포항 최근접
626,[공식 발표] '강원 파이널A 이끈' 김영빈 1부 33R MVP... 베스트 팀은 
627, 2612명 코로나19 신규 확진 사망 5명
628,보건대 보건행정학과 대학축제서 절주캠페인
629, 중구 '2022년 스트리트모터페스티벌' 개최
630,한의대 청소년 심성개발 위한 '동물교감 프로그램' 실
631,3산업단지공단 상설 채용박람회 추진…인력난 해소 앞장
632,한의대 지노인전문병원과 업무협약 체결
633,"참여연대 "" 설공단 이사장 적합 여부 검증해야"""
634,태풍 '난마돌' 초긴장… 오전 11·포항 낮 12 최근접
635,'2022 스트리트모터페스티벌' 열린다
636,에서 펼쳐질 오페라 향연 제19회 국제오페라축제
637, 롯데백화점 가을 즌 야외활동상품 강화
638,문기봉 공공설관리공단 이사장 후보 '도공 임원탈락 원인' 논란
639,우동기 가톨릭대 총장 퇴임…교학부총장이 직무대행
640,2022 교육청 직업교육 박람회 '특·마' 축제 20일 개최
641,'포차천국' 272호점 보건대점 가맹계약 체결
642, ‘ 자동차부품기업 테크쇼’ 단독으로 열어
643,'청년이여 로 욜로 온나!'
644,티웨이항공 외국인 대상 ' K-POP 콘서트' 티켓 제공
645, 신천 수변공원화 사업 추진…2030년까지 5890억 투자
646,철도부터 공항까지…교통특구의 중심 ‘ 두류 스타힐스’
647,바닥 보이던 운문댐 저수율 75%로... 상수원 수계 정상화
648,' 워라밸주간' 개최… 민 워라밸 문화 위한 축제
649,가구단지 가구탑 가을맞이 특별 가구 할인행사 열려
650, 만 70세 이상 어르신 이르면 내년 6월부터 버스 무료
651, 이슬람사원 건축 관련 소송 건축주 최종 승소
652,프로농구 한국가스공사 와 19일 연고 협약식
653,[테크코리아 우리가 이끈다]기계부품연구원
654, 동구청 '민안전테마파크 현장체험교육' 실
655, 자동차부품기업 테크쇼로 위기 극복
656,프로농구 한국가스공사 창단 1년 만에 와 연고 협약
657,경북업체 ‘국제식품산업전’ 참가 … SWEET SALTY DRINK’ 제품 우수...
658,의회 청년 예술인 창작활동 지원 추진
659, ‘2022 스트리트모터페스티벌’ 남산동 자동차부속골목서 24~25일...
660,장애인체육회 영유아 장애인체육 체험 프로그램 범운영
661,의회 행정사무감사 '민제보상황실' 운영한다
662, '대학생 학자금대출 부담경감 지원사업’ 추진
663," 칠성장 지하주차장 건립 무산위기… ""안전 우려"""
664,경북서 코로나19 관련 11명 추가 사망…누적 3천121명
665,국민의힘 당 '스마트 물산업 육성' 정책토론회 개최
666,영진사이버대 사회적기업협의회와 산업체위탁 교육협약 체결
667,서 음주운전 승용차 분식점 돌진…7명 부상
668, 이슬람사원 '공사 중지 취소' 소송 최종 승소
669,의회 洪 장 부채상환 용도 기금 폐지 '보류'
670,의회 洪 장 부채상환 용도 기금 폐지 '보류'
671,'이재현 끝내기 홈런' 삼성 KT전 6연패 탈출 [ 리뷰]
672,"""일제강점기 아동문학·작사 '윤복진' 미공개 자료 나와"""
673,행복진흥원 초대 원장에 정순천 전 의원 내정(종합)
674, 동구 치매우수기관 보건복지부 장관 표창 수상
675,14호 태풍 '난마돌' 오전 10 부산 오전 11  낮 12 포항 최근접
676,[무등의 아침] 112년 만의 특별한 추모제…에서 잊힌 광주·전남 애국지사
677, 신천서 수영대회·강수욕장 등 수변공원화
678, 달서구 주민 100여명 청사부지 매각 철회 촉구 집회
679,신규 확진… 2132명·경북 2537명
680, 대학생 학자금대출 부담경감 지원사업 실
681, 신천수변화 공원 전략 발표
682,신규 확진  2132명·경북 2537명
683,김완섭 기획재정부 예산실장  주요사업 현장방문
684,DGB은행 즐겨 쓰는 영역 할인해 주는 'DGB i 카드' 출
685,""" 음식 트롯 노래로 알려요"""
686,지법 내연남 성폭력 무고 여성 집유·사회봉사
687,우동기 가톨릭대 총장 퇴임
688,산림치유원·한의대 치유산업 발전 위한 업무협약
689, 중구 '스트리트모터페스티벌'
690,배광식  북구청장 KoCACA 문화예술상 특별공로상
691," 이슬람사원 건축주 대법서도 승소…주민들 ""행정 잘못 때문"" 반발"
692,·경북 가끔 구름 많고 일교차 커… 낮 25도
693,[심층] 1년 만에야···가스공사 농구단- 연고 협약
694, '행복진흥원' 초대원장 정순천 내정자 발표
695, 무료 인플루엔자 예방접종 21일부터
696,'군위 편입' 국힘 주호영 원내대표 중재 도
697,조명희 의원  동구 첨복단지에 '상급종합병원' 필요
698,무역협회  수출 18개월 연속 성장세
699,[심층]  위원회 50여 개 폐지···공무원 책임감 높이기 위해?
700,‘제22회 국제식품산업전’ 22~25일 엑스코 서관서 개최
701, 2022 스트리트모터페스티벌 개막!
702, 1828명 신규 확진 4명 사망…감소세 지속
703, 자동차부품기업 테크쇼로 위기 극복
704, 중구 '2022 스트리트모터페스티벌'행사 개최
705,동부경찰서 제10기 민경찰학교 개교
706, 2021명 코로나19 확진…사망자는 1명
707, 10가지 대표 음식 트롯으로 홍보한다
708,[테크코리아 우리가 이끈다]디지털혁신진흥원
709,전국영농학생축제 농업마이스터고  대표 참가
710,[테크코리아 우리가 이끈다]디지털혁신진흥원
711,10미 알릴 트로트 ‘의 맛’ 음원 출…미스트롯 김나희 불러
712,전국영농학생축제 농업마이스터고  대표 참가
713,한국가스공사 농구단 와 연고 협약
714,김완섭 기획재정부 예산실장  주요사업 현장방문
715,코레일 경북본부 'ESG경영 탄소중립 합동 캠페인'개최
716, 지역 생활체육인들 우정과 화합 다진다
717,[동정] 홍준표 장  최대 정수장 방문
718,김완섭 기재부 예산실장  주요사업 현장 둘러봐
719, 치안 더 안전하고 촘촘하게 만든다
720,"국방부 장관 "" 군부대 이전 검토하겠다"""
721,K막걸리 생탁 비수도권 최대규모 식품대전 ‘국제식품산업전’ 참가
722, 수성구 조정대상지역 해제
723,의회 정 견제작…기금폐지 한기구 설치안 등 줄줄이 심사보류
724, 이슬람사원 건축주 대법서 최종 승소
725,프로농구 가스공사 와 19일 연고 협약식
726,10미 를 알릴 K트롯 가요 의 맛 음원 출
727, 달서구 이야기가 있는 코딩 참여자 모집
728,'제22회 국제식품산업전' 경북도 내 농산물가공경영체 12개 업체 참여
729, 남구 치매극복 건강한마당 개최
730,교육청 전국영농학생축제 참가
731, 남구 치매극복 건강한마당 개최
732,군위  편입 9월 안건상정 불발…속 타는 ·군위
733, 수성경찰서 '를 부르다' 콘서트로 사기 예방 홍보
734,이정선 교육감 남도 의병 순국 감옥 참배
735,홍준표 장 민 삶의 가치변화에 맞는 도심하천 패러다임 변화 추...
736,DGB은행 DGB i 카드 출
737, 2612명 신규 확진 전주 대비 24.6% 감소…사망 5명 추가
738,서 헤어진 여친 스토킹 혐의로 30대 입건
739,교육청 제86회 전국도교육감협의회 총회 개최
740,생탁 비수도권 최대 규모 식품대전 '국제식품산업전' 참가
741, 자동차부품기업 테크쇼로 위기 극복
742,교육청 지역 장애학생 258명 대상 대학생활 체험 운영
743,LH 경북지역본부 경북도민 디지털 역량 발전 협약 체결
744, 수성구·포항 남구 조정대상지역 해제
745,민단체 반대에도  민원탁회의 8년 만에 의회서 폐지 가결
746,TBC)2022 스트리트 모터페스티벌 3년 만에 열려
747,가스공사-  정착 위한 연고 협약 맺다
748, 1828명‧경북 1752명 확진…울릉 이틀째 확진자 없어(종합)
749,'2022 민생활체육대축전' 24~25일 개최
750,제22회 국제식품산업전 개최
751,신공항과 함께  편입 새 대로… 꼭! 올해 뚫는다 국회의 벽[자치분권 ...
752,'발목 부상→1군 말소' 360홈런 리빙 레전드가 인천과 에 나타난 이유는 
753,보건대-거창도립대 대학 원격교육지원 활성화 '맞손'
754, 달서구 이곡1동 ‘아낌없이 주는 나무’사업
755, 북구 자율방범대 초소 수선비 100만원 지원
756, 아파트 낙찰가율 80%선 붕괴 초읽기…저가 매수 행렬 이어질까 [심은지의...
757,송석균 가톨릭대병원 교수 '생애 첫 연구사업' 선정
758,케이메디허브 ㆍ경북 신약개발 위한 연구회 개최
759,런던 심포니 오케스트라 다음 달 11일  최초 공연
760,케이메디허브 ㆍ경북 신약개발 위한 연구회 개최
761,교육청 장애학생 대학생활 체험 프로그램 운영
762, 9월 21일부터 인플루엔자 예방 접종
763,한국가스공사 농구단 와 연고지 협약
764,지검 거액 외환 거래 수사…우리은행 본점 압수수색
765,가톨릭대 '2022 DCU  리크루트 투어' 개최
766, 주거 취약가구에 안심홈 세트 확대 지원 박차
767, 안지랑곱창골목 상생 축제로 ‘골목상권 활력’
768,"보건대 안경광학과 ""국내 안경광학의 역사 출신 안경사들 세계 도처서 활..."
769,-광주 청년들 광주청년주간 함께 빛낸다
770, 주거 취약가구에 안심홈 세트 확대 지원 박차
771,지검 거액 외환 거래 수사…우리은행 본점 압수수색
772,더불어민주당 당 “홍준표 장과 국힘당 정신 차려라”
773,-광주 청년들 광주청년주간 함께 빛낸다
774, 안지랑곱창골목 상생 축제로 ‘골목상권 활력’
775,이만규 의회 의장 ·도의회 ‘3급 직위’ 신설 건의
776,‘트윈데믹 대비’  독감 무료 접종 21일부터 작
777,홍준표 장 가스공사 우승 위해 행정 지원 약속하다
778, 달성니어클럽 반찬전문점 '비슬애 찬'가창점 개소
779,한국가스공사 페가수스 프로농구단 에서 힘찬 비상 1년만에 협약식 개최
780,혁신센터 C-Lab 우수 스타트업 발굴하는 명품 프로그램으로 자리매김
781,교육청 '장애학생 대학생활 체험 프로그램' 운영
782, 이슬람사원 관련 소송…건축주 최종 승소
783,GS건설  '대명자이 그랜드티' 내달 분양
784,‘ 수성못페스티벌’ 오는 23일부터 사흘간 개최
785,“정치 논리로 31년 공공연구기관 없애나?”…경북연구원 분리 놓고 소속...
786,'불맛' 더해진 고소한 맛 '뽈구이 맛'
787, 9월 분양장 '암울'…분양전망지수 40선 아래로 급추락
788,스트리트모터페스티벌 24~25일 남산동 자동차부속골목에서 개최
789,문화예술진흥원장 공개모집 재공고
790,솔울컴퍼니  달서구에 이웃사랑 후원품 전달
791,[오늘의 날씨]·경북(20일화)…기온 뚝 낮 24도 동해 35~110㎞ 강풍
792,김진열 군위군수 군위군 편입 위해 주말도 반납한 투혼
793,"[의회] 이만규 의장 ""3급 직위 신설 집행부 견제·균형 위해 꼭 필요"""
794,교육청 학교 주변 유해업소 대상 합동 점검 실… '위반 사례 0건'
795,은행 내가 즐겨 쓰는 5개 영역 할인 카드 출
796,"""洪 장 답변 무성의"" 의회 볼멘소리"
797,인사말 하는 이만규 의회 의장
798,경주·포항 태풍 경보…·포항 오전 11·12 태풍 최근접
799, 5890억 규모 신천 '수변공원화' 계획 발표
800,경주·포항 태풍 경보…·포항 오전 11·12 태풍 최근접
801, 5890억 규모 신천 '수변공원화' 계획 발표
802,"'잔류와 강등 사이' FC…""원정경기 무승 징크스 깨라"""
803, 자치경찰위원회 세이프홈 지원 사업 확대 행
804,2분기 건설공사 계약액…↓·경북↑
805,청년·신혼부부 임대주택 22일부터 공급…·경북은 546호
806,'꿈을 향한 비상'  학교 밖 청소년 진로박람회
807,경일대 청년창업사관학교 청년주간 특별행사 열어
808, 내년도 유치원·초등·특수 교사 68명 선발
809,(사)전국건설기계 08W지회 적십자사에 달서구 취약계층을 위한 라면...
810, 내년도 유치원·초등·특수 교사 68명 선발
811,(사)전국건설기계 08W지회 적십자사에 달서구 취약계층을 위한 라면...
812, 채무 감축 위한 기금 폐지에 의회 '제동'
813,"·경북 주말 날씨 ""맑다가 흐려져"""
814,국제 바칼로레아 본부 회장단 외고 등 방문
815, 북구 洞 순회방문 주민과의 대화 종료
816,·한국가스공사 농구단 연고지 협약식 열려
817,이만규의회 의장 도의회 3급 직위 신설 전도사로 변신
818,가톨릭대 ‘2022 DCU  리크루트 투어’ 개최
819,서 저자 사인회 연 임은정 “포기 말고 계속 함께 가주길”
820,서 저자 사인회 연 임은정 “포기 말고 계속 함께 가주길”
821,가톨릭대 ‘2022 DCU  리크루트 투어’ 개최
822,'세금먹는 하마' ~부산고속도로…12년간 1조569억원 지급
823,에서 전국도교육감협의회 제86회 총회 개최
824,'편의점·배달앱 할인'…DGB은행 DGB i카드 출
825," 민주노총 ""尹 정부 반노동 정책 멈춰야"""
826, ' 10味'의 브랜드화 '의 맛' 트롯 제작
827,"""식품산업 트렌드 한눈에"" 국제산업전 엑스코서 열린다"
828, 도철도 순환선은 트램 아닌 AGT 경전철?
829,지방은 휘청…  미분양 7500가구 부산 해운대도 집값 하락 작
830,지방은 휘청…  미분양 7500가구 부산 해운대도 집값 하락 작
831,산단공 지역본부 자율형MC 3곳 산업단지의 날에 장관 표창
832,포항·경주 강풍주의보로 변경… 등 강풍특보 해제
833,영남이공대 상생축제  곱창골목서 열려
834,행복진흥원 원장에 정순천 전 의원 내정
835, 고교 운동부서 성추행 등 학교 폭력 신고…경찰 수사 중
836,"""23루 위기 잠재운 김민수의 활약이 결정적"" 이강철 감독 [오!쎈 ]"
837,칠곡·군위·상주·영천·의성 ' 軍부대 쟁탈전'
838,텅 비어가는  아파트 어쩌나…중견건설사 '초비상'
839,경북 8월 섬유수출 전년 대비 2% 증가
840,보건대 김영재 교수 '로또 6/45' 황금손 출연
841,티웨이항공  K-POP 콘서트 홍보···외국인 여행객 잡아라
842,의회 ‘기금 폐지 조례안’ 심사 보류
843, 중부서 범죄 예방환경 조성 사업 완료
844,'우리 집 사진첩 속 설공단의 옛 모습' 전
845, 한국가스공사 프로농구단 연고지 협약 체결
846,공업대 헤어디자인과 '왁싱 프로그램' 교육
847,제34회  베이비＆키즈 페어
848, 신천서 커피 한 잔의 여유...'어린이 수영대회'도 연다
849,2022 ×청년 소셜리빙랩 최종공유회 개최
850,제34회  베이비＆키즈 페어
851,신규 확진  942명 경북 1084명
852,이만규 의회 의장 ·도의회 ‘3급 직위’ 신설 건의
853, 동구청 민안전테마파크 현장체험교육
854,대법  이슬람사원 ‘공사중지 취소’ 확정
855,코레일 경북본부 'ESG경영 탄소중립 합동 캠페인' 펼쳐
856,‘·경북 싱크탱크’ 경북연구원 31년 만에 분리
857,의회 공공설관리공단 이사장·교통공사 사장 인사청문회
858, 제8회 청년주간 개최…15일부터 18일까지
859,농협 고향사랑기부제 답례품 공급 농특산물 판매촉진 기대
860,한의대 청소년교육상담학과와 반려동물보건학과 치유도우미견과 함께하는...
861,GS건설  '대명자이 그랜드티' 내달 분양예정…2023가구
862,김완섭 기획재정부 예산실장  주요사업 현장방문
863,경북연구원 31년 만에 2개 연구원으로 분리
864,"홍준표·안철수 서 회동…""당 빨리 정상화돼야"" 공감"
865,동부경찰서 제10기 민경찰학교 개교
866,제34회  베이비＆키즈 페어
867, 안심 홈세트 지원 확대 … 치안 강화 '앞장'
868,영남이공대 교육청 일학습병행 우수협력기관 선정
869,9월 3주  아파트 전셋값 0.31%↓…역대 최대 낙폭
870,[심층] 군위  편입 물 건너갔나?···행안위 소위 상정 안 돼
871,행복진흥사회서비스원장 내정? 재공모?…막바지 산하기관 인사 '관심'
872,"경북연구원 노조 ""연구원 분리 및 해산 반대"""
873,동부도서관 한국학술정보협의회 국회의장상 수상
874,이정선 광주교육감 남도 의병 순국현장 감옥 참배
875,"""·경북 통합 신공항 대형 항공기 뜬다"""
876, 서구 학교밖청소년지원센터 2022년 검정고 100% 합격
877,설공단 메타버스로 '옛날 사진 공모전' 개최
878,코레일유통 경북본부 ESG 가치 확산 '탄소중립 캠페인' 참여
879, 가을철 진드기·설치류에 의한 발열성 감염병 주의 당부
880, 가을철 진드기·설치류에 의한 발열성 감염병 주의 당부
881, 중구 스트리트모터페스티벌 개최
882,보건대학교-경남도립거창대학 원격교육지원 활성화 업무협약
883," 민주노총 ""윤석열 정부 반노동 정책 멈춰야"""
884,코레일유통 경북본부 지역사회와 'ESG 가치 확산' 협력 강화
885,보건대 치기공학과 치과기공사 국가고 최고점수 및 전국 수석 기염 토...
886,배광식  북구청장 문화예술회관연합회 특별공로상
887,"홍준표·안철수 서 회동…""당이 빨리 정상화돼야"" 한 목소리"
888,프로농구 한국가스공사 창단 1년 만에 와 연고 협약
889,교통공사 '대한민국 안전大전환'기간 맞아 취약설 집중안전점검 실
890,프로농구 한국가스공사 창단 1년 만에 와 연고 협약
891,교통공사 '대한민국 안전大전환'기간 맞아 취약설 집중안전점검 실
892,[프로야구 전적] kt 9-7 삼성
893,송석균 가톨릭대병원 교수 '생애 첫 연구사업' 선정
894,[동정] 홍준표 장
895,'깊어가는 가을' 전국 맑고 큰 일교차…아침 서울 14도· 11도
896,경로당광역지원센터 경로당 건강주치의사업 실
897,"김진열 군위군수 ""편입 기 더 이상 늦출 수 없다"""
898,이찬원 24일  수성못페스티벌 선다
899, 첫 '화학물질 안전관리 조례안' 서구 상임위 통과
900,[오늘 날씨] ·경북 청명한 가을날씨…낮 최고 28도
901,경북 12개업체 국제식품산업전 참가해 제품 우수성 홍보
902,보훈청 제대군인 '중장비 운전 실무' 작
903,보건대 언어치료학과 예비 언어재활사 선서식 개최
904,서 음주운전 승용차 분식점 돌진…7명 부상
905,경북연구원 31년 만에 2개 연구원으로 분리… 자체 연구원 추진
906, 2477명 코로나19 확진…사망자는 5명
907, 김완섭 기재부 예산실장… 주요 사업 현장 방문해
908,비수도권 최대 규모 식품 박람회 ‘국제식품산업전’ 가보니
909,법적 다툼 끝났지만…  이슬람사원 신축 갈등은 ‘진행형’
910,비수도권 최대 규모 식품 박람회 ‘국제식품산업전’ 가보니
911,법적 다툼 끝났지만…  이슬람사원 신축 갈등은 ‘진행형’
912,신규 확진… 2612명·경북 2080명
913,주민들 치유의 간…최계란선생 아리랑축제
914,' 군부대 통합 이전' 최소 330만㎡ 필요…규제·지장물 적을 곳 선호
915,'추분'····경북 구름 많고 일교차 커
916,[날씨] ·경북 내륙 중심 10도 이상 일교차…한낮 27도
917,DIP 콘텐츠페어 30일 개최...전·체험 콘퍼런스 등 다채로운 행사 마...
918,10미(味) 알릴 K트롯 가요 '의 맛!' 음원 출
919,"민노총 ""尹 정부 반노동정책 멈춰야""…24일 지역서 첫 秋鬪"
920,"민노총 ""尹 정부 반노동정책 멈춰야""…24일 지역서 첫 秋鬪"
921,배광식 북구청장 KoCACA특별공로상 수상
922,[포토]-가스공사 프로농구단 연고지 협약 체결
923, 글로벌 내륙수변도로 거듭난다
924,이정선 광주교육감 옛 감옥 방문 행보 '눈길'
925,"'생방송 오늘저녁' 맛있는 인생  경양식 돈가스 ""특제 소스로"""
926, 중구 '2022년 스트리트모터페스티벌' 개최
927,한의대 청소년교육상담학과와 반려동물보건학과 치유도우미견과 함께하는...
928,이번 ·경북 주말 날씨...맑은 가운데 낮과 밤 기온차 커
929,DGB은행 '즐겨 쓰는 5개 영역 할인' DGB i 카드 출
930,DGB은행 '즐겨 쓰는 5개 영역 할인' DGB i 카드 출
931,지역 우수 콘텐츠 한자리에
932, 동구막걸리문화축제 IN BULLODONG 개최
933,권大 수 경쟁률 양극화…국립대·의학계열 쏠림 심화
934,문화예술진흥원 원장 재공모
935,한국가스공사 와 연고지 협약 체결…1년 만에 보금자리 마련
936, '취약계층' 비대면 아동급식지원 플랫폼 구축 나서
937,지방보훈청 김천사랑상품권 후원
938, “대학생 학자금대출 이자 부담 덜어드려요”
939, 수성구청.(주)청소하는 마을 해충방역 업무협약 체결
940, 동부경찰서Bright 공원조성을 위한 민·경 합동순찰
941, 수성구청.(주)청소하는 마을 해충방역 업무협약 체결
942,[오늘의 날씨]·경북(19일 월)…'난마돌' 영향 최고 150㎜ 비
943,"""·교육청 예산안 홈페이지에 공개하라"""
944, 동구 '2022 막걸리문화축제 IN BULLODONG' 개최
945,의회 공공설관리공단 이사장 인사청문회
946,제2회 CTS권사합창단 수련회
947,GS건설  '대명자이 그랜드티' 10월 분양
948, 인권증진위원회 폐지···민사회단체 반발
949,홍준표 안철수 에서 회동 “당이 빨리 정상화돼야” 한목소리
950, 10味 알릴 K트롯 ‘의 맛’ 음원 출
951,사이버대 '2022 DCU 가을 페스티벌' 개최
952,청년들의 축제 '청년주간' 15일 개막
953, 학업 중단 예방 및 대안교육 지원 조례
954,DGB은행 DGB i 카드 출
955, 1828명 신규 확진…전주 대비 절반 수준
956,대교구 수해 복구 전력
957,·경북 23일 구름 많고 큰 일교차...내륙 아침 안개 주의
958,[심층] ·경북 통합 신공항 민간공항 규모는?
959,정일균 의원 청년 예술인 육성 및 지원 조례안 대표 발의
960,초대 행복진흥사회서비스원장에 정순천 전 의원 내정
961,설공단 사격팀 대통령경호처장기사격대회 금빛 총성
962,K-트롯‘의 맛’ 음원 출...“의 10미 알려요”
963,권 올해 수도 의학계 인기 '여전'…최고 287.6대 1
964,지역 롯데백화점 가을 즌 야외활동 관련 상품군 강화
965,태풍 ‘난마돌’로 전국 75개교 휴교…부산··울산 정전 피해 복구
966,의회 ‘ 기금 폐지 조례안’ 심사 보류
967, 중구 '스트리트모터페스티벌' 행사 열어
968, 음주운전 차량 장 분식점 돌진…7명 부상
969,소방 준비 없는 산행은 위험 산악사고 주의 당부
970, 치안 '안심 홈세트' 지원 확대
971,경북· 주말 대체로 맑고 일교차 커…낮 최고 26도
972,김진열 군위군수 임이자 경북도당위원장 만나 편입 설득 나서
973," 10味 담긴 노래 '의 맛' 발매 ""부산갈매기처럼 사랑받고 싶어"""
974,수성소방서 플로깅 행사 진행
975,사이버대 가을 페스티벌 개최...학생들과 좀 더 가까이!
976,"올리 페카 헤이노넨 IB본부 회장 "" IB교육 바르게 접근하고 있다"""
977,.경북연구원 '2022 ×청년 소셜리빙랩 최종공유회' 개최
978,서울전 3골 강등권 탈출 FC '33R 베스트 팀' 뽑혀
979, 남구 치매극복 건강한마당 개최
980,눈길끄는  와룡장 글로벌 특화장 조성 프로젝트
981,[프로야구 전적] 삼성 5-3 kt
982, 이슬람사원 건축 '중지' 갈등… 대법원 '위법' 판결
983,영남이공대·보건대·계명문화대 [대학소식]
984,[같이경제] ·경북 2차 전지 산업의 현재는?
985, 범죄로부터 안전한 환경 조성 세이프‑홈(Safe‑Home) 지원 사업 확대...
986, 신천을 고품격 수변공원으로 조성
987, 출신 신경옥 작가 경기미술대전 대상 수상
988, 북구 동 순회방문 주민과 대화 성료
989, 철강공장서 40대 근로자 사망…중대재해 조사
990, 제22회 국제식품산업전 개최
991,교육청 직업교육 박람회 특ㆍ마 Festival 개최
992,스튜가 맛있는 서울  부산의 브런치 카페 4
993,부산합동양조 '생탁' 국제식품산업전 참가
994,[소식] 수성문화재단 수성못페스티벌 23~25일 개최
995, 안심 홈세트 지원으로 더 안전하고 촘촘한 치안 만든다.
996,약사회 제2차 연수교육 및 마약류 취급자 교육
997, 신천 '고품격 수변공원' 만든다…여름 물놀이장 겨울 스케이트장
998,가톨릭대 우동기 총장 퇴임 미사 갖고 임기 마무리해
999,고향 에서 코리안투어 첫 승 노리는 조민규
1000," ""유명무실한 위원회 없앤다"""
1001,고향 에서 코리안투어 첫 승 노리는 조민규
1002, 고교 운동부 선배가 후배 성추행·폭행
1003,서 만취 40대 운전 차량 상가 돌진...7명 다쳐
1004,공업대학교 전문기술인재에 장학금 수여
1005, 일제강점기 윤복진(1907~1991) 유족 소장 자료 대량 기증 받아
1006, 액티브니어박람회 내달 22일 개최
1007,‧경북 각 2천명대 신규 확진…사망자 7명 늘어(종합)
1008,지방국세청 친절 및 적극행정 우수직원 포상
1009,대법 “ 북구청 이슬람 사원 공사 중지는 위법”
1010,"""·경북 통합 신공항 인천공항의 2/3 규모로"""
1011, 군부대 이전 급물살 관·군 협의체 구성 예정
1012,뒷말 무성하던  '그리팅맨' 후폭풍 여전…공공조형물 건립 현주소는?
1013, 수성구 SW 핵심인재 양성 과정 최종 발표회
1014,·경북 흐리고 곳곳 소나기…낮 25~30도
1015,동부경찰서 제10기 민경찰학교 개교
1016, 만 70세 이상 어르신 이르면 2023년 6월부터 버스 무료
1017,‘당권’ 도전한 안철수 TK 방문해 “경북이 정권 창출에 가장 헌신한 곳...
1018,LH 경북지역본부 경북대 산학협력단과 경북민 디지털 역량 발전 협약
1019," 달서구민들 ""청 신청사 터 일부 매각 계획 철회하라"""
1020,'아동문학 거목' 윤복진 선생 유가족 에 유품 기증
1021,국제 바칼로레아본부 회장단  방문…IB 현장 살핀다
1022,[B tv 뉴스]'신천에서 수영대회 가능하도록' 수변공원화 5천900억 투입
1023,‘ 군부대 통합 이전’ 칠곡·군위·상주·영천 유치전 본격화
1024, 국제식품산업전 엑스코 서관에서 개최
1025,부산합동양조 생탁 '국제식품산업전' 참가
1026,한국가스공사 와 연고지 협약 체결
1027,교대-베트남 타이응우옌교육대 교류 강화방안 모색
1028,"박진만 감독 대행 ""이재현의 홈런으로 KT전 연패 탈출 뜻깊은 승리"" [오!쎈 ..."
1029,'거액의 외환 이상 거래' 4명 일당 등 지법서 첫 재판
1030,공대 전문기술인재장학금 장학증서 수여식
1031,-한국가스공사 프로농구단 연고지 협약
1032,태풍 '난마돌'  오전 11·포항 낮 12 최근접
1033, 수성구·포항 남구 '조정대상지역' 해제…부동산 장 '훈풍' 기대
1034,민단체 에 생활임금 행 요구
1035,의회 행감 민제보 접수
1036,이정선 광주교육감 남도 의병 순국현장 감옥 참배
1037,지역 문화예술의 장 열린다…2022 예술제 개최
1038,[B tv 뉴스]-일본 하늘길 열린다…이르면 다음 달 말 재개
1039," ""통합신공항 완공 후 민간 활주로 추가 건설 추진"""
1040," ""통합신공항 완공 후 민간 활주로 추가 건설 추진"""
1041, 신천 고품격 수변공원으로 ‘업그레이드’…5890억 투입
1042,여당 중진 서 청년 대상 특강 잇따라…28일 윤상현·내달 26일 김상훈
1043, 광주 청년들 광주청년주간 함께 빛낸다
1044,경북·선관위 전국동조합장선거 기부 행위 단속 돌입
1045,가톨릭대 ‘2022 DCU  리크루트 투어’ 개최
1046, 10미(味) 알릴 K트롯 가요 '의 맛'음원 출
1047,"박진만 감독 대행 ""BS 오승환 구종 선택이 아쉽다"" [오!쎈 ]"
1048,광역철도에 신공항 겹호재 품었다...교통 요지 선점한 ‘ 두류 스타힐스’...
1049, 남구서 음주운전 차량 분식점 돌진…7명 부상
1050,‘민과 함께 쓸 공간’ 팔아 새청사 짓겠다는 
1051, 달서구 빌라 화재…1명 부상
1052,10미(味) 알릴 K트롯 가요 ‘의 맛’ 음원 출
1053, 수성구 취약계층 아동 위해 해충 방역 방역업체와 업무협약
1054, 2022 ABB 전략포럼 개최
1055,보건대 보건행정학과 대학 축제서 절주캠페인 펼쳐
1056, 신천 고품격 수변공원화 사업 추진…2030년까지 5890억 투입
1057,-광주 청년 달빛교류 다 작
1058, 수성ㆍ포항 남구 조정대상지역 해제
1059, 서구 '삼면화 유물의 정원' 24일 개최
1060,[안동]경북연구원 분리 본격화‥상생 기조 철회?
1061,[동정] 홍준표 장
1062, 신천을 고품격 수변공원으로 조성
1063,국세청 태풍피해 지원 위한 포항 현장 방문
1064,[분양이슈] GS건설  ‘대명자이 그랜드티’ 10월 공급
1065," 동구청 이색 통화연결음 제작…""청렴 홍보"""
1066,·경북 기온 ‘뚝’…한낮 20~24도 [오늘날씨]
1067,'주요 정' 의회 곳곳에서 제동 걸려
1068, 은행 열매 조기 채취…쾌적한 거리 조성
1069,과학대 '한별스터디그룹' 프로그램 운영
1070, 달서구 25일 제16회 달서 하프마라톤 대회 개최
1071,"[미니인터뷰] 강은희 교육감 ""더 넓고 두터운 지원"""
1072,교육청 피드백 중심 학생평가 컨설팅
1073,성큼 다가온 자율주행대…는 어떻게 준비하고 있나?
1074, 달서구 빌라 화재 부상자 발생
1075, 10미(味) 알릴 K-트로트 가요 ‘의 맛’ 음원 출
1076, 위기 대응능력 배양을 위한 '지하철 안전교육'
1077,홍준표 장 가창댐·공산댐 찾아…태풍 대응 강조
1078,[동정] 류한국 서구청장
1079,[동정] 조재구 남구청장
1080,[동정] 조재구 남구청장
1081,"폐지 기로에 선 숙의민주주의 '민원탁회의'…경실련 ""존치해야"""
1082,"경실련 ""서구·남구 지방소멸 대응 기금 투자계획서 공개해야"""
1083,교육청 학교주변 유해업소 점검·단속
1084,[기상청 경북날씨] 고기압 가장자리에 들며 구름 가득... 낮 최고기온 23...
1085,22일부터 4일간 엑스코서 국제식품산업전
1086,R] 군 부대 이전 '청신호'
1087,진짜웨딩박람회 10월 1~2일 개최…예비신혼부부 위한 풍성한 혜택
1088, 출신 조민규 “남은 것은 단 하나 바로 우승”
1089,GS건설  ‘대명자이 그랜드티’ 10월 분양
1090, 동구 2022 막걸리문화축제 열어
1091,"홍준표 장 ""한국가스공사 프로농구단 환영"""
1092,일제강점기  문화예술인 활동 조명...아동문학가 윤복진 유족 자료 기증
1093, 신천 하천점용허가 로 일원화… 테라스 있는 정원조성
1094, 2955명 코로나19 확진…사망자는 4명
1095, 지역 콘텐츠 기업‧구직자 간 소통의 장 열려
1096,삼성 김영웅 선수단에 데뷔 첫 홈런 피자 턱 냈다 [오!쎈 ]
1097,의회 제9대 의원 조례‧개정안 대표 발의 등 분발
1098,칠곡군 민간단체  지역 군부대 유치 나서
1099,[날씨] ·경북 가끔 구름 많음…낮 최고 23~25도
1100,[날씨] ·경북 가끔 구름 많음…낮 최고 23~25도
1101,문화예술진흥원 원장 재공모…이번엔 원장 찾을 수 있을까
1102,티웨이항공 외국인 대상 ' K-POP 콘서트' 티켓 제공 홍보
1103, 수성구청 황금 다함께어울림센터(가칭) 설계공모 당선작 발표
1104, 서구문화회관 The 3column展 '삼면화 유물의 정원' 전
1105,DGB은행 ‘즐겨 쓰는 5개 영역 할인’ DGB i 카드 출
1106,오보에 거장을 만난다…프랑수아 를뢰 30일  공연
1107, 942명 신규 확진…70일 만에 세자릿 수로 하락
1108, 대학생 학자금대출 부담을 덜어 준다
1109,1차 지명 출신 신인은 다르네! 이재현 끝내기 홈런으로 KT전 악연 끊었다 [오...
1110, 942명 신규 확진…70일 만에 세자릿 수로 하락
1111,보건대 재학생 청소년 발명 아이디어 경진대회서 대상 수상
1112,청년정책네트워크 광주청년주간 참가
1113,가톨릭대서 '2022 DCU  리크루트 투어'..25개 기관·기업체 참가
1114,행복진흥원 초대 원장에 정순천 전 의원 내정
1115, ‘학교 밖 청소년 진로박람회’ 첫 개최
1116, 2132명 신규 확진…전주 대비 절반 이하 수준
1117,이만규 의회 의장 ·도의회 3급 직위 신설 건의
1118,국제 바칼로레아 본부 회장단 16일  방문
1119,"홍준표 장 ""한국가스공사 프로농구단 환영"""
1120,밤사이 ·경북서 화재 잇따라
1121,·경북 구름 많음…낮 25~28도
1122,[동정] 강은희 교육감
1123," ×청년 소셜리빙랩 공유회...""청년들의 직접 대안 지원한다"""
1124, 수출초보기업 맞춤형 지원 추진
1125,"[브랜드평판] ""대한민국 도 2022년 9월 빅데이터 분석결과... 1위 부산 ..."
1126,세무사회 포항 태풍 피해복구 성금 기탁
1127,KCA한국소비자평가 '2022 KCIA 한국소비자산업평가 외식업'  지역 평가 ...
1128,"홍준표 장 ""한국가스공사 프로농구단 환영"""
1129,보건대 예비 언어재활사 선서식 개최
1130,의료케어 프로젝트 개발위해 국가혁신융복합단지 리더스 포럼 성대근 대...
1131,"환경단체 ""화원 유원지 등 녹조 독성물질 공기 중 확산"""
1132, 지역 롯데백화점 가을 즌 야외 활동 관련 상품군 강화
1133,'2022 제8회 세계안무축제 pre국제현대무용축제' 25일~29일 아양아트센터...
1134,프로농구 한국가스공사 와 연고 협약 쳬결
1135, 31년 만에 경북연구원 분리 후 자체 설립
1136,보강병원 대한적십자사 경북혈액원과 '사랑의 헌혈봉사'
1137,에서 제1회 ‘학교 밖 청소년 진로박람회’ 개최
1138,제9대 의회 행동하는 정책의회로 거듭
1139, 이슬람사원 신축 공방 건축주 최종 승소…북구청 '갈등 중재' 숙제 남아
1140,2022 ×청년 소셜리빙랩 최종공유회 개최
1141,·상의 베트남 B2C 홍보 행사 성황
1142, “대경연 분리 자체 연구원 추진”
1143, ABB 전략 포럼 개최...지역 디지털 혁신 이끌 기업 육성에 초점
1144,홍준표 장 태풍 ‘난마돌’ 대응 가창댐·공산댐 점검 나서
1145,의회 홍준표 장 주요 정책에 대해 줄줄이 제동
1146,‘마피 9000만원’까지 등장...조정지역 해제에도 찬바람 부는  아파트 ...
1147,신규 확진  1828명·경북 1752명
1148,이정선 광주교육감 '달빛역사동맹' 감옥 참배
1149,[]  신천 수질 개선·고품격 수변공원 조성
1150,이정선 광주교육감 '달빛역사동맹' 감옥 참배
1151,[]  신천 수질 개선·고품격 수변공원 조성
1152, 코로나19 신규 확진 천 명대 아래로
1153, 신천 하천 수변공원으로 변화 추진
1154, 인허가 주택 10가구 중 2가구 착·준공 안돼
1155,"""이만규  의장 ·도의회 '3급 직위' 신설 건의"""
1156,행복진흥원 원장에 정순천 전 의원 내정
1157, 가을 축제로 물든다…관광·문화 등 다양한 볼거리 풍성
1158,경북 태풍 난마돌 영향권 밖으로…경북 동해안 높은 파도 등 주의
1159,홍준표-안철수 청 환담
1160," 동구 주민들 ""경북대병원 등 상급종합병원 유치"" 촉구"
1161,교통공사 '대한민국 안전大전환' 기간 맞아 취약설 집중안전점검
1162, 프로농구단 다 품었다… 한국가스공사와 19일 협약
1163,한국가스공사- 19일 연고 협약 체결식 갖는다
1164,경실련 원탁회의 조례 폐지 추진하는  비판
1165,·경북 맑고 선선…한낮 21~25도 [오늘날씨]
1166,영진전문대-행복한미래재단 교육협력 맞손
1167,보건대 안경광학과 국내를 넘어 세계로 '주목'
1168,24~25일  남산동 자동차부속골목 '스트리트 모터페스티벌' 개최
1169, 상수도사업본부 20일부터 수계 정상화한다
1170, 상수도사업본부 20일부터 수계 정상화한다
1171,부동산원-경찰청 범죄 피해자 지원 협약
1172, 달서구청 초등 4-5년 '이야기가 있는 코딩' 프로그램 참여자 모집
1173,의회 제295회 정례회 15일 개회…73개 안건 심의
1174,가톨릭대 2023학년도 수모집 경쟁률 평균 5.5대 1
1175,홍준표-안철수 청 환담
1176,주거명가 ‘서희건설’  서구 상륙! ‘ 두류 스타힐스’ 공급 예정
1177, 대학생 학자금대출 부담경감 사업 내달 31일까지 접수
1178,"[] ""를 세계적 수변 도로""...금호강 르네상스 추진"
1179, 침산동 '엠브로스퀘어' 상가 신축 예정
1180, 침산동 '엠브로스퀘어' 상가 신축 예정
1181,민안전테마파크 전국 소방 최초'안전 MBTI'제공
1182, 서구문화회관 마토콘서트 '비상' 연다
1183,홍준표-안철수 청 환담
1184,[포토]김광진 광주 문화경제부장 ‘2022 국제식품대전’ 개막식...
1185,"""꿈 향해 비상하라""… 20~21일 '학교 밖 청소년 진로박람회'"
1186,의회 제2기 정책연구위원회 발족
1187,"""훈련도 실전처럼"" 공군기지서 무인기 테러 훈련"
1188,"지법 ""인권침해 장애인복지설 폐쇄 명령 적법"""
1189,신규 아파트 공급 ' 두류 스타힐스' 분양 소식 전해
1190,"지법 ""인권침해 장애인복지설 폐쇄 명령 적법"""
1191,신규 아파트 공급 ' 두류 스타힐스' 분양 소식 전해
1192,동산병원 한유진 교수 대한비만학회 우수포스터상 수상
1193,교통공사 ‘2022년 대한민국 안전大전환’기간 맞아 취약설 집중안전점...
1194,제19회  국제오페라 축제 58일간 펼쳐져
1195, 동부署 '제10기 민경찰학교' 입교식
1196,'꿈드림' 지원 받은  학교 밖 청소년 98%가 올해 검정고 합격
1197,[포토] 프로농구단 연고지 협약식 단체사진 찍는 홍준표 장
1198, 북구 행복북구 사진 공모전 개최
1199,[날씨] ·경북 10도 이상 큰 일교차…출근길 안개 주의
1200, 북구 행복북구 사진 공모전 개최
1201,아동 급식지원 카드 내년부터 배달앱으로 이용… 사업 착수
1202,경일대 청년창업사관학교 청년주간 특별행사 개최
1203,"[미래교육 IB포럼] ""대한민국 교육의 미래를 보고 싶다면 교육을 보라"""
1204,소방 영남권역 119특수구조단 등 통합대응훈련 실
1205,.창조혁신센터 '2022 청년 귀환 채널구축 사업 설명회' 개최
1206,TBN교통방송 콘서트 ‘를 부르다’ 선봬
1207,"의회 인사청문회 개최…김기혁 ""연차 촉진제 검토""·문기봉 ""기관 통합..."
1208, 학교 밖 청소년 2022년 검정고 97.8% 합격
1209, 서구청 민관 합동 고독사 예방 캠페인 전개
1210,세계로 뻗어 나가는 창조경제혁신센터 ‘C-Lab’ 스타트업들
1211,"""골목상권 활성화 홍보콘텐츠 공모 합니다"""
1212,교육청 전국체육대회 대비 학교 및 강화훈련장 순방
1213, 북구2022 금호강바람소리길축제
1214, '청년 귀환 채널구축 사업 수도권 사업설명회' 성료
1215,경북통합신공항 제2활주로 포함 추진
1216, 상수도사업본부 저수율 회복으로 수계 정상화
1217," ""대학생 학자금대출 부담 덜어드립니다"""
1218,형무소 순국 애국열사 206인을 위한 추모공연
1219,[포토뉴스] 국제식품산업전 웃음짓게하는 탁주
1220,[포토뉴스] 국제식품산업전 웃음짓게하는 탁주
1221,"경찰 '윤석열 곤룡포' 포스터 내사…작가 "" 부착"" 예고"
1222,·경북서 멀어진 난마돌…초속 20~30m 강풍에 피해도
1223,환경청 낙동강 칠곡보·강정고령보 조류경보 '관심' 재발령
1224,경북연구원 노조 “분리?해산 법적 근거 미비”
1225, 행복진흥원 초대 원장...정순천 전 의원 내정
1226,은행 즐겨 쓰는 5개 영역 할인…‘DGB i 카드’ 출
1227, 청년귀환 채널구축사업 수도권 설명회…2천여명 방문
1228, 중부소방서 현대백화점 점과 업무협약 체결
1229,경북능금농협 2022 ·경북 귀농귀촌 박람회 참가
1230,교통공사 취약설 집중안전점검 실
1231,부동산 조정지역 해제 어디 '수성구 등  부산 천안 등 41곳' 세종은?
1232,농협 '힌남노' 외국인농가 피해복구에 구슬땀
1233,[포토뉴스] 제19회 국제오페라축제 개막
1234, 제15회 치매극복의 날 기념식 개최
1235,정부 '모빌리티 혁신 로드맵' 발표…' UAM 특화도' 탄력 받나
1236, 아파트 경매장도 하락세
1237, 배달앱(로) 통해 결식아동 급식지원
1238,의회 홍준표 장 ‘채무 제로’ 제동
1239,김진열 군수 “군위 편입 기 늦출 수 없어”
1240,도개발공사 신입사원 9명 공채
1241,우동기 가톨릭대 총장 퇴임…교학부총장이 직무대행
1242,남부교육지원청 '토닥토닥 힐링 챌린지' 운영
1243,교통공사 '안전대전환'기간 취약설 집중 안전점검
1244, 공공개방자원 통합플랫폼 '공유누리' 서비스 활성화 추진
1245,행복한  만들기 '한마음 한뜻'
1246,이만규 의회 의장 ·도의회 '3급 직위'신설 건의
1247, 무료 인플루엔자 예방접종 실
1248,[GOAL 현장리뷰] '역습 축구' FC 홈에서 서울에 3-0 대승
1249, 수성구 태풍 피해 포항에 온정의 손길
1250, 중구 를 빛낸 예술가와 함께하는 가을여행 개최
1251,창단 1년만에…가스공사 농구단- 연고지 협약
1252,DGB은행 '즐겨 쓰는 5개 영역 할인' DGB i 카드 출
1253, 남구 고미술과 인사하기 신천둔치에서 개최
1254,서 고교 운동부 성추행 등 학교폭력 신고… 경찰 수사
1255,조성진·런던 심포니 서 협연…내달 11일 '월드오케스트라' 오프닝
1256,사이버대 2022 DCU 가을 페스티벌 개최
1257,산림치유원·한의대 치유산업 발전 위한 업무협약
1258,"""민선 8기는 벌금형 전과자를 선호하나""  민단체 질타"
1259,국세청 올해의 적극행정 우수직원 11명 상
1260,소방 산악사고 예방 설 점검·안전지도 비치
1261,동구청 민안전테마파크 현장체험교육
1262,국세청 올해의 적극행정 우수직원 11명 상
1263,DGB금융그룹오픈 앞둔 ‘ 사나이’ 조민규 “이제 남은 것은 단 하나”
1264, 달서구 자동차 검사장 화재…인명피해 없어
1265,R]'군위  편입안' 행안위 소위 상정 불발
1266,"이동욱 의회 교육위원장 ""지역별 교육격차 해소하겠다"""
1267, 의 미래 ABB 산업 발전 방향 논의
1268,장수초 인권사무소에서 찾아가는 인권 교육 실
1269,한의대-지노인전문병원 의료분야 공동발전 위한 상호협력협약 체결
1270,[포토뉴스] 홍준표 장 고산정수장 수돗물 생산공급 현장점검
1271,공업대 '전문기술인재장학금 장학증서' 수여
1272,청에서 만난 홍준표·안철수
1273,GS건설  남구 '대명자이 그랜드티' 내달 분양
1274,코나아이 개인택운송조합과 택 앱미터기 공급 계약
1275,경북서 각 2천명대 신규 확진… 2명 경북 5명 사망
1276,[오늘의 날씨]·경북(18일일)…가끔 비에 강풍 해상은 풍랑
1277, 달서구 빌라서 오전 화재…20대 여성 화상 입고 병원 이송
1278, K트롯으로 10미(味) 알린다
1279,[동정] 류한국  서구청장
1280, 달서구 빌라서 오전 화재…20대 여성 화상 입고 병원 이송
1281, K트롯으로 10미(味) 알린다
1282,[동정] 류한국  서구청장
1283,한국가스공사- 이전 1년 만에 연고 협약 체결한다 [오피셜]
1284,청에서 만난 홍준표·안철수
1285, 군부대 이전…상주 영천 등도 유치 나서
1286,역세권 복합단지의 지역 랜드마크화..  두류역 랜드마크로 떠오를 두류역...
1287,치과용 의료기기 업체 메가젠임플란드  성서산단에 2공장 설립
1288,[포토] 프로농구단 연고지 협약 체결식에서 인사말하는 홍준표 장
1289," 찾은 IB본부 회장 일행 ""IB교육 통해 언어 장벽 낮출 수 있어"""
1290," 찾은 IB본부 회장 일행 ""IB교육 통해 언어 장벽 낮출 수 있어"""
1291,-한국가스공사 프로농구단 연고지 협약체결
1292, 제11호 태풍 '힌남노'로 저수율 만수위… 가뭄 해소
1293, 자치경찰위원회 '세이프-홈' 지원사업 확대
1294,[동정] 윤석준 동구청장
1295,[프로축구 전적]  3-0 서울
1296, 중구 문화재 야행 공모 7년째 선정돼
1297, 달서구 달서 반려동물 문화교실 운영
1298,내 빌라 3층서 불…1명 부상·8명 긴급 대피
1299,도개발공사 신입사원 9명 공개채용
1300, 달서구 달서 반려동물 문화교실 운영
1301,의회 기획행정위 '정특별고문·한기구 신설' 보류
1302,대교구 성경식물원 ‘바이블가든’
1303,"윤권근 의원 "" 신청사 건립기금 폐지 번복 등 오락가락"""
1304,홍준표 장 “를 글로벌 내륙수변도로 만든다”
1305, 이슬람사원 결국 다 짓는다…지역주민 피해 외면 논란
1306,‘자폐 청소년 그림’ 섬유박물관과 저작권 사용료 계약…디자인 상품 개...
1307,김진열 군수 국회 찾아 ' 편입 약속' 촉구
1308,한·중앙아아 수교 30주년 기념음악회 내달 4일 서 개최
1309,교육청 학교관리자 대상 성인지감수성 향상 교육 실
1310,교육청 학교관리자 대상 성인지감수성 향상 교육 실
1311, “경북 통합신공항은 인천공항 3분의 2 규모로”
1312,전국건설기계 08W지회 달서구 취약계층에 라면 기부
1313,한의대 동의한방촌사업단 한방웰니스 직무체험 연수
1314, 가스공사와 1년만에 프로농구단 연고지 협약
1315,서 출산 직후 신생아 방치해 숨지게 한 20대 여성 구속
1316,-한국가스공사 프로농구단 연고지 협약
1317,글로벌 식품안전 트렌드 한눈에…'제22회 국제식품산업전' 22일 개최
1318,의회 ‘ 한 기구 신설’ 심사 유보
1319, 2021명 신규 확진…2주 전보다 2251명 감소
1320,경북연구원 31년만에 분리... 경북 제안 전격 수용
1321, 수출 18개월째 '신바람'…중국 도 봉쇄 완화로 실적 견인
1322,[분양 정보] GS건설  '대명자이 그랜드티' 10월 분양 예정
1323, 신천 고품격 수변공원으로 탈바꿈
1324, 북구 洞 순회방문 주민과의 대화 성황리 종료
1325,TBC) 공공기관 통폐합 기관장 첫 인사청문회
1326, '경상감영' 내년부터 복원…국비 74억 투입
1327,"하병문 의원 ""통합신공항 건설 관련 홍준표 장이 정치적 해법 찾아야..."
1328,교육청 전국도교육감협의회 총회
1329,방글라데 교육 공무원들이 를 찾은 이유는
1330,방글라데 교육 공무원들이 를 찾은 이유는
1331, 대동병원 인천참사랑병원과 업무 협약
1332,디지털혁신진흥원 9대 원장에 김유현 전 원장 내정...26일 취임
1333, 2022년 하반기 대학생 인턴 모집
1334,강북경찰서 올바른 공유 킥보드 타기 캠페인
1335,청도군 '제1회 경북 귀농귀촌박람회' 참가
1336,국제 바칼로레아(IB) 본부 회장단 16일  방문
1337," ""통합신공항 2035년 민간전용 제2활주로 추가 건설"""
1338, 운문댐 등 저수율 회복으로 수계 정상화
1339,[포토뉴스] 이창용 한국은행총재  방문
1340,보건대-경남도립거창대 '원격교육 지원' 협약
1341,"""IB교육 발전 방향 모색""…국제 바칼로레아본부 회장단  방문"
1342,군위군 편입 법안 상정 불발
1343,국제식품산업전 22일 개막...식품 트렌드 한 자리에 모인다
1344,힘내라  청년!
1345, 로컬푸드 활성화 물꼬 튼다
1346,전국건설기계 08W지회 적십자사에 라면 150박스 기부
1347,DGB은행 중구민 과 함께 동행 도락’나눔 행사
1348,"엔플라잉 부산· 공연 취소 ""공연기획사 일방적 사유"""
1349, 2022 제8회 청년주간 개최
1350,"엔플라잉 부산· 공연 취소 ""공연기획사 일방적 사유"""
1351,[속보] 24일 0 기준  1592 경북 1648 전국 2만9353명 코로나19 추...
1352, 2022 제8회 청년주간 개최
1353,한의대 장애학생 대학생활 체험 프로그램 2년 연속 선정
1354, 대신학원 전국 첫 부제 사목실습파견 실
1355,"경북연구원 31년 만에 분리…경북도 제안에  ""OK"""
1356,대한민국 도 2022년 9월 브랜드평판...부산 서울  順
1357,병든 낙타 방치해 죽게 만든  한 동물원 운영자 징역형의 집유 선고(종합...
1358,DGB은행 'DGB i 카드'
1359, '코로나19' 확진자 1436명...사망 8명
1360, '코로나19' 확진자 1436명...사망 8명
1361,경북 자동차부품기업 산업전환 방향성 찾는다
1362,활주로 2곳 간당 50회 이착륙 2030년 개항 신공항 청사진
1363,'를 빛낸 예술가와 함께하는 가을여행' 공연
1364,경북에서 각 1천명대 신규 확진…전국 3만3천9명
1365,문경 삼성라이온즈파크서 '문경사과축제 홍보의 날' 행사 개최
1366,티웨이 외국인 대상 ' K-POP 콘서트' 티켓 제공하며 홍보
1367,나무 쓰러지고 간판 떨어지고…서도 태풍 피해
1368,'수성못 토지 사용료' 갈등 농어촌공사-·수성구 갈등 '심화'
1369,[매일춘추]  동산 청라언덕
1370,'수성못 토지 사용료' 갈등 농어촌공사-·수성구 갈등 '심화'
1371,[매일춘추]  동산 청라언덕
1372,보건대-경남도립거창대학 대학원격교육지원 활성화 위해 '맞손'
1373,·경북 낮 최고 19~23도···구름 많고 선선한 날씨
1374,정홍수내과의원 적십자사 ‘희망을 전하는 나눔병원’ 가입
1375,[태풍 '난마돌'] ·경북 영향 점차 벗어나···동해안 여전히 강풍 주의
1376,홍준표 장 가창·공산댐 태풍대비 체계 점검 나서
1377,·경북 코로나 19 확진 지난주보다 절반 이상 줄어
1378,국제오페라축제 23일 '투란도트'로 화려한 개막
1379,한의대 평생교육원 건강 상담 전문가 양성프로그램
1380,"R]""31년 경북연구원 분리 반대"" 노조 반발"
1381,[동정] 윤석준 동구청장
1382,"""혼날만했다"" 맏형 이근호부터 막내 황재원까지 FC '각성모드'"
1383,“출향 청년 로 돌아오세요”…생애 주기별 청년 지원나선 
1384,웨딩박람회 10월 1일~2일 엑스코인터불고호텔에서 진행
1385,약사회 2022년도 제2차 회원연수교육 및 마약류 취급자 교육
1386,도개발공사 신입사원 9명 공개채용 실
1387,교육청 직업교육박람회 ‘특ㆍ마 Festival’ 열어
1388,[포토] 프로농구단 연고지 협약식 농구공 들고 기념촬영하는 홍준표 장
1389, 동구청 '2022 막걸리문화축제' 개최
1390,한국가스공사· 19일 1년만에 연고지 협약식 진행
1391, 중구청 ' 빛낸 예술가 가을여행' 마련
1392,‘ 군부대 통합이전’ 상주·영천도 유치 의사
1393, 치매극복의 날 기념식 개최
1394,교육청 직업교육 박람회 '특·마' 페스티벌 20일 개최
1395,[현장인터뷰] 취수원 이전 합의 배경은?…권기창 안동장
1396, 동구 24~25일 ‘막걸리문화축제 IN BULLODONG’
1397, 기초의원 추석 인사 현수막 8개 훼손한 50대 '벌금 50'
1398,' 두류 스타힐스' 공급 '서희건설'의 자부심
1399,[경매정보]  내당동 삼익뉴타운아파트
1400,' 두류 스타힐스' 공급 '서희건설'의 자부심
1401, 'ABB 전략포럼' 개최
1402,분위기 반전 FC 33R 최고의 경기 만든 최고의 팀
1403, 중부경찰서 마음으로 안전골목 조성사업 완료
1404,서 원룸 건물 화재…20대 여성 부상
1405, 영남이공대 안지랑 곱창골목과 함께하는 상생 축제 성료
1406,형무소 사적에서 열린 광주·전남 독립운동가 추모식
1407, 중구 '2022 스트리트모터페스티벌' 개최
1408,"""신천을  대표 여가공간으로""… '신천수변공원화' 추진"
1409, 수성구 조정대상지역 해제…경북 포항 남구도 풀려
1410, 수성구 조정대상지역 해제…경북 포항 남구도 풀려
1411,[류태형의 객석에서]가자 음악제의 도 와 부산으로
1412,운문댐·가창댐 저수율 정상 회복… 20일부터 식수 이용 가능
1413," ""치매극복에 앞장선다"""
1414,교육청 학교주변 유해업소 점검ㆍ단속
1415,문화예술회관 '2022 올해의 중견작가'전 개최
1416,[] 국제오페라축제 23일 '투란도트'로 화려한 개막
1417,교육청 직업교육박람회 “특ㆍ마 페스티벌에서 진로 적성 찾아보자”
1418,[경북 조간 헤드라인]
1419,[오늘의 날씨]·경북(16일금)…흐리고 낮 최고 30도
1420,'조정대상지역' 벗어난  수성구·포항 남구 숨통 트나
1421, 10미(味) 알릴 K트롯 가요 ‘의 맛!’ 음원 출
1422, 학교 밖 청소년 2022년 검정고 97.8% 합격!
1423,경북· 20일부터 기온 '뚝'…낮 최고기온 20~24도
1424, 동구청 치매우수기관 보건복지부 장관 표창 수상
1425,홍준표 장 민 수돗물 원수 공급처 가창댐 등 현장 점검
1426,안실련 '어린이보호구역 교통안전설 지도점검 필요'
1427,문화예술진흥원 초대 원장 공모 재공모
1428,2022 ×청년 소셜리빙랩 최종공유회 개최
1429,메가젠임플란트 에 제2공장 설립한다
1430,프로농구 가스공사 이젠 찐팀!…1년만에 연고 협약
1431,경남도립거창대학-보건대학 원격교육 활성화 업무협약 체결
1432, 수성구 황금 다함께어울림센터 설계당선작 선정
1433,최계란선생 아리랑축제 성황
1434,"서 전국도교육감협의회 총회···전교조 등 ""대입제도 개편""목소리"
1435,[태풍 '난마돌'] 북상하는 태풍····경북 오후부터 비
1436,영진전문대 행복한미래재단과 교육협력 협약 맺어
1437,[날씨] ·경북 오늘 밤까지 강한 바람…내일 기온 뚝↓
1438, 동구보건소 치매 우수기관 '보건복지부 장관 표창' 수상
1439,경북 의원들 비협조로 새해 첫날 '군위  편입' 물 건너가나
1440, 집값 하락 폭 '전국 3위'…전국적으로 하락세 지속
1441,소방 준비 없는 산행은 위험···산악사고 주의 당부
1442,"""결혼에서 육아까지…""  베이비·키즈박람회 15일 개막"
1443,의회 교통공사 사장 인사청문회 개최
1444,장로합창단 10월 20일 창단 38주년 기념연주회
1445, 신천 수변공원화 사업 추진…2030년까지 5890억 투자
1446, 제4차 항공정책 기본계획에 국가항공정책 대전환 건의 계획
1447, 부스 홍보하는 양준혁
1448,조성숙 계명대 교수 사회복지대상 수상
1449," 민간위탁사무 구조조정‥""정혁신 2단계"""
1450,[동정] 조재구  남구청장 '앞산 휴(休) 인문학 콘서트' 참석
1451, 3699명 코로나19 확진…사망자는 4명
1452,[브리핑 ]  치안 안심 홈세트 지원으로 더 안전하고 촘촘하게 만든다
1453,이만규 의회 의장 인사권 독립 행… 국장급 3급 신설 추진
1454,공대 헤어디자인과 창업동아리 왁싱 프로그램 교육
1455,FC FC서울 상대로 3-0 승리
1456,국제식품산업전 달빛동맹 교류의 장으로
1457,부산합동양조 생탁 ‘국제식품산업전’ 참가 22일부터 4일간 개최
1458,"민주당 당 ""청 후적지 매각하고 신청사 짓는 건 문제"""
1459,서 음주운전 차량 분식점 돌진…7명 부상
1460,서 음주운전 차량 분식점 돌진…7명 부상
1461, 운문댐 등 저수율 회복으로 수계 정상화
1462,[동정] 홍준표 장
1463,한국농업기술진흥원 “국제식품산업전 끝나도 참여 기업 지원은 계속된다...
1464,한의대 향산 변정환 명예총장 초청 특강 실
1465,한의대 치유도우미견과 함께하는 '청소년 심성개발프로그램' 운영
1466, 감염병 예방수칙 준수 당부
1467,한국부동산원-경찰청 범죄 피해자 지원 업무협약
1468, 수성경찰서 홍보대사 박규리와 악성 사기 근절 홍보
1469,배광식  북구청장 KoCACA특별공로상 수상
1470,"우리복지민연합 ""정순천 행복진흥원 원장 내정자 철저한 감해야"""
1471, '취약계층 비대면 아동급식지원 플랫폼' 구축
1472," ""통합신공항 2035년 민간전용 제2활주로 추가 건설""(종합)"
1473, 동구여성 행복아카데미 개최
1474,근대기  문화예술인들 활동상 재조명
1475,'의 아들' 이찬원 수성못 페스티벌 출격..가을밤 찬또에 빠져보세요♡
1476,"두산로보틱스 에 남부지사 설립…""영남권 영업 총괄"""
1477,의회 의정활동 핵심가치 담은 새 슬로건 선정
1478,'고재현-세징야-이근호 연속골'  안방서 FC서울에 3-0 승리
1479, 북구 ‘금호강바람소리길축제’
1480, 북구 ‘금호강바람소리길축제’
1481,'고재현-세징야-이근호 연속골'  안방서 FC서울에 3-0 승리
1482,[날씨] ·경북 최저 10도 안팎…큰 일교차 유의
1483, 2022년 대학생 학자금대출 부담경감 지원사업 추진
1484,베스트안과의원 적십자사 ‘희망을 전하는 나눔병원’ 가입
1485,교육청 전국체전 출전 선수 응원과 격려
1486,[동정] 배광식 북구청장
1487,DGB은행 동행 도락 나눔 행사 진행
1488, 초교 어린이보호구역 전수 조사서 설 관리 부실·미설치 '607건' 확인
1489,23일 0 기준 경북 3063명 신규 확진
1490,GS건설  ‘대명자이 그랜드티’ 1501가구 10월 분양
1491,DGB은행 지역민과 함께하는 동행 도락 나눔
1492,'우승할 준비됐다 아이가!'… ' 사나이' 조민규 고향서 우승샷 날린다
1493, 5400억 원 들여 금호강 주변 개발
1494,[화촉]조현도( 광명교회 장로) 아들 24일 결혼
1495,보건대-경남도립거창대 대학원격교육지원 활성화 '맞손'
1496,"이강철 감독 박영현의 완벽투에 매료됐다 ""올 즌 최고"" 엄지 척! [오!쎈 대..."
1497, 배달앱 연계 결식아동 급식지원 추진
1498,대·영남이공대·보건대·영남대 [대학소식]
1499," ""신천을 스마트 고품격 수변공원으로 바꾼다"""
1500, 배달앱 연계 결식아동 급식지원 추진
1501,홍준표 장 고산정수장 찾아 '맑은물 하이웨이' 구상
1502,홍준표 장 가창댐 등 권 댐 방문
1503,교육청 특ㆍ마 페스티벌 직업계고 진학 정보 한눈에
1504,영진전문대·보건대·가톨릭대·수성대 [대학소식]
1505, 달서구 2022 찾아가는 달서 반려동물 문화교실 운영
1506,의회 ‘홍준표 채무 감축’ 제동···718억 규모 기금 폐지 보류
1507,[설왕설래]홍준표·이재하 상의회장 '불화설' 계속되나?
1508," ""무료 인플루엔자 예방접종으로 트윈데믹 대비"""
1509,전원주택 박람회 '2022 경향하우징페어' 개최
1510, 서구 ‘자랑스러운 구민상’에 최병일 ·윤정희 씨
1511," 민주노총 하반기 투쟁 선포…""반민생 반노동 정책 반대"""
1512,계명대 동산병원 서문장 상인 및 이용객 대상 무료 의료상담 실
1513,소방 영남권역 119특수구조단 등 통합대응훈련 실
1514, 달성군 2022년 찾아가는 자원봉사대학 개최
1515,홍준표 장 고산·매곡 정수장 방문해 현황 파악
1516,[오늘의 날씨]·경북(17일토)…오후부터 흐리고 낮 최고 32도
1517, 달서구 전통장 공동브랜드 개발지원사업 업무협약
1518, 동구청 신숭겸 뮤지컬 공연 개최
1519,방송인 유인경  동구 여성행복아카데미서 명사특강
1520, 기업 원자재 수입해 납품…'고환율'에 수익성 악화 가속
1521,두산로보틱스 에 남부지사 설립...영남권 영업력 강화
1522,-광주 청년들 광주청년주간 함께 빛낸다
1523,방송인 유인경  동구 여성행복아카데미서 명사특강
1524,·포항·경주·광양·여수가 위험하다
1525,국민의힘 신임 원내대표에  출신 5선 주호영…원내대표만 세번째
1526,액티브니어박람회 10월22일 개막…웰에이징 실현
1527,[오늘의 경기] 프로야구= kt-삼성()
1528,칠곡군 민간단체  지역 군부대 유치 나서
1529,태풍 '난마돌' 최근접 기  오전 11·포항 낮 12 예상
1530,[오늘의 경기] 프로야구= kt-삼성()
1531,교육청 방글라데 교원 초청 교육정보화 연수 실
1532, 펙스코(FXCO) 대학생 패션작품 전회 개최
1533,를 '글로벌 내륙수변도'로 만든다…금호강 개발
1534,운문·가창댐 저수율 정상 회복… 20일부터 수계 환원작업
1535,"""감받기 싫다""…의정 모니터링 제안에  서구의회 반대"
1536,김재훈 교통공사 운행관리원 응급조치로 생명 구해
1537, 2022 ABB 전략포럼 개최
1538,도개발공사 업무직·기술직 신입 9명 공개채용
1539,"김상수 오른쪽 팔꿈치 통증으로 6회 이재현과 교체...""선수 보호 차원"" [오!..."
1540,"김상수 오른쪽 팔꿈치 통증으로 6회 이재현과 교체...""선수 보호 차원"" [오!..."
1541,"[의원 상임위원장] (6) 김재우 문복위원장 ""말보다는 행동! 먼저나서는..."
1542,'골·골·골'  정규리그 최종전서 강등권 탈출
1543,송석균 가톨릭대병원 교수 하반기 ‘생애 첫 연구사업’ 선정
1544, 중구 문화재 야행 공모 7년째 선정돼
1545,진짜웨딩박람회 10월 1~2일 개최
1546, 미래 ABB 산업 발전 방향 논의
1547,[소식] 농협경주교육원 경주 현곡면에서 태풍피해복구 지원 등
1548,행복페이 올해 예산도 모두 소진…연말까지 충전 안돼
1549,DGB은행 많이 쓰는 5개 영역 할인 집중…'DGB i' 카드 출
1550, '금호강 르네상스'···환경 단체 반발
1551, 아파트 매매가격 44주째 하락
1552,가스공사 와 19일 연고 협약식 맺는다
1553,보건대학교 안경광학과 국내 안경학 교육자의 산실로 자리매김
1554,"[속보]경찰청 ""북구 실종 정장원(82)씨 찾습니다"""
1555,"TK 찾은 안철수 ""정권 창출에 가장 헌신한 곳이 경북"""
1556,칠곡군 민간단체  지역 군부대 유치 나서
1557,[동정] 홍준표 장
1558, 수성구 동구 북구지역 운문·가창댐 물 공급 재개
1559,보건대학교 경남도립거창대학과 대학원격교육지원 활성화 맞손
1560, 동구청 2022년 제7회 최계란선생 아리랑축제 개최
1561,영남이공대 교육청 일학습병행 우수협력기관 선정
1562, 동구보건소 보건복지부 장관 표창
1563,제1회  학교 밖 청소년 진로박람회 개최
1564,문화예술진흥원장 적임자 없어 재공고
1565, 중구 문화재청 문화재야행 공모사업 7년째 선정
1566,법원 ' 서구 재개발 정비사업조합 사무실 앞 장송곡 금지' 가처분 일부 ...
1567,장애인체육회 장애인스포츠강좌이용권 활성화 워크숍 개최
1568,'2022 예술제' 21일 개막…예술상 대상에 류형우·장유경
1569, 배달앱과 연계한 아동급식지원 플랫폼 구축 착수
1570,'2022 예술제' 21일 개막…예술상 대상에 류형우·장유경
1571,태풍 ‘난마돌’ 강타  안전조치 2건…인명피해 없어
1572,보건대 예비 언어재활사 선서식 개최
1573,"강민구 민주당 당 위원장 ""홍준표 장 불통·오만"" 혹평"
1574,"국방부 장관 "" 군부대 이전 적극 검토"""
1575,경북연구원 해산 절차…'정책연구원' 설립 추진
1576,예총 선정 ‘2022 예술대상’ 류형우·장유경 씨 수상
1577, 달성 사문진에서 피아노 100대가 공연...소프라노 황수미 등 유명 음악가...
1578,[포토] 선수들을 따르는  경북 골프팬들
1579,"우동기 가톨릭대 총장 퇴임 미사 ""모든 일원 헌신·희생 매순간 감동"""
1580,KT&G 상상유니브  MZ페스티벌 참가자 모집
1581,민단체 “ 인권위원회 폐지 철회해야”
1582,'2022 ×청년 소셜리빙랩' 최종 공유회 개최
1583, 2477명 경북 2515명 신규 확진
1584,[포토] 선수들을 따르는  경북 골프팬들
1585, 경상감영 내년부터 복원 추진
1586, 초보 수출기업 해외 진출 지원
1587, 학교 냉·난방기 3대 중 1대는 교체 주기 넘겨
1588,열아홉번째 국제오페라축제 23일 개막
1589,제22회 국제식품산업전 개최
1590, IB 교육 발전 모색… 올리 페카 헤이노넨 IB 본부 회장  방문
1591, 불로동서 ‘막걸리 축제’ 열린다
1592,[동정] 조재구 남구청장
1593,도개발공사 신입사원 9명 공개 채용
1594,"민주노총 지역본부 ""윤석열 정부 반노동 정책 멈춰야"""
1595,청년이여 로 욜로온나!
1596,"""살려달라"" 외쳤는데 조르기 기술로 학대...체고 유도부 코치 '집유'"
1597,살아남겠다는  FC의 '3골' 약속
1598, 신청사 건립계획 변경 의회 공방…소통없는 일방 추진 반발
1599,의회 이만규 의장 ·도의회 '3급 직위' 신설 건의
1600,‘주말 영향’  942‧경북 1084명 신규 확진(종합)
1601," ""대학생 학자금대출 부담 덜어드립니다"""
1602," ""클릭 한 번으로 여행 떠나요"""
1603, 동구청 ' 동구 여성행복 아카데미' 개최
1604, 1920~1940년대 문화예술 자료 발굴
1605,LPG조합 태풍 피해 포항에 가스용품 1천만원 '쾌척' 
1606,의회 제295회 정례회 개최·73개 안건 심의
1607,행복진흥사회서비스원 정순천 전 의원 내정… '설왕설래'
1608,의회 '통합신공항 건설 사업‧트램 백지화' 본회의 정질문 나서
1609,DGB銀 중구 지역민과 함께하는 ‘동행 도락’ 나눔 행사
1610, 동구청 '여성 행복아카데미' 개강
1611,서 만취 40대 운전 차량 상가 돌진...7명 다쳐
1612,"노동계 ""생활임금 급 1만원 대… 하루빨리 행해야"""
1613, 중부서 '마음으로(路) 안전골목' 사업 완료
1614,태풍 '난마돌'에 의한 ·경북(포항·경주)지역 큰 피해 없었다
1615,경북 9월 아파트 분양장 더 악화 전망
1616, 경상감영 복원 사업 내년부터 본격화·국비 74억 반영
1617, 30일부터 콘텐츠페어
1618,도개발공사 신입사원 9명 공개 채용
1619,제1회  학교 밖 청소년 진로박람회’ 이달 20 21일 개최
1620,경북통합신공항 활주로 3.8km로 추진...중남부권 중추공항으로의 청사진 ...
1621,"민단체 "" 앞산 모노레일 사업 전면 백지화해야"""
1622, 2612명‧경북 2080명 신규 확진…사망자 7명 늘어(종합)
1623,의회 15일 임회 개회…9대 첫 정질문·민생 조례안 처리
1624, 출향 청년에 귀환 채널 구축사업 홍보
1625,[부동산Info]  호반써밋 더 센트럴 분양 예정
1626,의회 도개발공사 사장 후보자 인사청문회 실
1627, 정책연구원 설립·경북연구원 해체
1628,[오늘 날씨] ·경북 맑고 선선…낮 최고 25도
1629,제19회 국제오페라축제 화려한 개막…개막작 '투란도트' 23~24일 공연
1630, 정책연구원 설립·경북연구원 해체
1631,제19회 국제오페라축제 화려한 개막…개막작 '투란도트' 23~24일 공연
1632,홍준표 장 고산정수사업소 등 방문
1633, 효목1동 주민자치위원회 일마이스터고 견학
1634,환경공단 성서소각장 인근 주민과 소통간담회
1635,교육청 초교 현장 찾아 피드백 중심 학생평가 컨설팅
1636,청년정책네트워크 광주청년주간 참가… 코로나19로 주춤했던 달빛교류 청...
1637,의회 15일부터 정례회 열고 추경안 등 심사
1638,두산 로보틱스  거점으로 남부지역 공략 본격화
1639, 소방 단풍철 산악사고 주의 당부
1640,보훈청 제대군인 중장비운전실무 과정 작
1641, 소방 단풍철 산악사고 주의 당부
1642,""" 신천에서 어린이 수영대회 열겠다"""
1643,의회 공공설관리공단 이사장 인사청문회 실
1644,이종화  경제부장 빅데이터분석경진대회 상식
1645,TBC)군위  편입안 소위 상정 또 불발
1646,보건대 보건행정학과 대학축제서 절주캠페인 전개
1647,전국 무역수지 적자에도 경북 수출 흑자 내
1648,[트래블투데이] 제19회 국제오페라축제 오페라 <투란도트>로 화려한 개막...
1649, 3699명 확진…사망자 4명 추가
1650,[B tv 뉴스]-의회 ‘허니문’ 끝 ‘힘겨루기’ 작
1651,보건대 축제기간에 절주 캠페인
1652,의회 제295회 정례회 개회
1653, 달서구 성당동 복지사각지대 발굴 홍보 캠페인 실
1654, 북구 금호강변… '新풍류 문화 찬또배기 이찬원 공연' 즐겨
1655,교육청 국제 바칼로레아(IB) 본부 회장단  방문
1656, 학교 밖 청소년 검정고 97.8% 합격
1657, 로즈마리병원 21일부터 독감 예방접종
1658,보건대-경남도립거창대 대학원격교육지원 활성화 위한 협력
1659,""" 인권위원회 폐지는 퇴행적인 행정"""
1660,제9대 의회 첫 정례회 돌입…73개 안건 심의
1661,사이버대학 ‘2022 DCU 가을 페스티벌’ 개최
1662,FC 내달 1일부터 파이널라운드 돌입…살떨리는 강등권 경쟁
1663,고산·매곡정수사업소 찾은 홍준표 장
1664,""" 인권위원회 폐지는 퇴행적인 행정"""
1665,전경원 의원 '자유대한민국희망연대 대상'서 수상
1666,가톨릭대 '2022 DCU  리크루트 투어'
1667,DGB은행 ‘즐겨 쓰는 5개 영역 할인’ DGB i 카드 출
1668, '청년 귀환 채널구축 사업' 수도권 사업설명회 성료
1669,거액의 '외환 이상 거래'…지검 우리은행 본점 압수수색·전 지점장 구속...
1670,오늘 '를 부르다' 라디오콘서트
1671,<사>한국아동문학회 지회  팔공산서 정기세미나 가져
1672,[동정] 홍준표 장 고산정수사업소·매곡정수사업소 현장방문
1673,영진전문대학교 행복한미래재단과 교육협력 맞손
1674,DGB은행 중구 지역민과 함께하는 '동행 도락' 나눔 행사 진행
1675,도개발공사 신입사원 9명 공개채용
1676,부채 청산 위한  기금 폐지에 의회 제동 걸어
1677,가스공사 페가수스 와 연고 협약 체결… 홈경기 50% 할인
1678, 주요사업 10건 국비 반영 요청
1679, 한국가스공사 페가수스의 새 유니폼
1680,[동정] 류한국  서구청장
1681,산업부 수출현장지원단 서 첫 간담회…매주 수요일 전국 순회
1682,[속보]  서구 82세 남성 정장원씨 실종
1683,[태풍 ‘난마돌’] ·경북 저녁까지 매우 강한 바람
1684,프로농구 한국가스공사 창단 1년 만에 와 연고 협약
1685,과학대 재학생 '한별스터디그룹' 프로그램 운영
1686,의회 정명섭 도개발공사 사장 후보자 청문회…넉 달 새 두 번째
1687,보건대-경남도립거창대학 대학 원격교육 지원 업무협약 체결
1688, 제8회 청년주간 개최
1689,8월 ·경북 취업자 7만 명 증가… 증가폭 둔화
1690,[심층] 혹나 했지만 역나···'주객전도' 의회 정질문
1691,[고침][설왕설래]홍준표·이재하 상의회장 '불화설' 계속되나?
1692,의회 '행동하는 정책의회로 거듭난다'…정책연구위원회 위원 위촉
1693,한국장애경제인협회 경북지회 경영개선 무료지원
1694,·경북 학생디자이너 패션작품 전
1695,·경북 이랜드리테일 '가을맞이 실속가 대전' 행사
1696,'110도 폴더 인사' 눈물 글썽이던  9330명 앞에서 서울 3대0 제압
1697,"' 이슬람사원 건립 갈등' 건축주 최종 승소…""환영"" ""유감"" 엇갈린 반응"
1698,배달앱·편의점 할인 집중 은행 DGB i 카드 출
1699,메가젠임플란트 에 제2공장 설립
1700, 아파트 전세가격 역대 최대 하락 폭 기록
1701, 분양·입주장 한파 지속...주택 미분양 사태도 갈수록 심화
1702,조성숙 계명대 교수 사회복지대상 수상
1703,[20일 오늘의사건사고]  남구 봉덕동서 볼보 승용차 분식점 충돌사고 등
1704,홍준표 장 국제오페라축제 개막식
1705, 군부대 이전 가속 조만간 관·군 협의체 구성
1706,두산로보틱스 에 남부지사 설립…영남권 영업력 확대
1707,"""규제지역 해제 효과 없다""…'미분양 무덤'  뒷북 규제 완화에 '냉랭'"
1708, '2022 ABB 전략포럼' 개최..ABB 산업 발전 방향 논의
1709, 우진엘리베이터 ‘씀씀이가 바른기업’ 가입
1710, 우진엘리베이터 ‘씀씀이가 바른기업’ 가입
1711,[동정] 강은희 교육감
1712, 서구문화회관 마토콘서트 '비상' 공연
1713,지역 올 추석 전년 대비 절도·교통사고 줄고 112신고 증가
1714," ""통합신공항 2035년 민간활주로 1본 추가건설 추진"""
1715,민노총본부 24일 '전국동다발 지역 노동자대회' 개최
1716,를 글로벌 내륙 수변도로
1717, 무료 인플루엔자 예방접종 실
1718, 달성교육청 학교급식 위생점검 나서
1719,한의대 평생교육원 인체정화 프로젝트 1기 교육생 모집
1720,한의대 평생교육원 인체정화 프로젝트 1기 교육생 모집
1721,서 음주운전 승용차 분식점 들이받아 7명 부상
1722,DGB금융그룹 향후 3년간 경북 취약계층에 7조4천억 금융지원
1723,보건대 예비 언어재활사 선서식
1724,DGB은행 '즐겨 쓰는 5개 영역 할인' DGB i 카드 출
1725,군위군수 임이자 경북도당위원장에  편입 협조 당부
1726, 'ABB 전략포럼' 개최... ABB 산업 발전 방향 논의
1727,'올해 준우승 3회' 조민규 고향 에서 KPGA 첫 우승 도전 [DGB금융그룹 오...
1728,GS건설 에 '대명자이 그랜드티' 10월 분양 예정
1729,지검 수천억원 외환거래 유령법인 운영자 3명 체포
1730,변화 기대감  중구 '호반써밋 더 센트럴' 9월 분양 예정
1731,DGB은행 '즐겨 쓰는 5개 영역 할인' DGB i 카드 출
1732,일교차 큰 가을 날씨 ·포항 낮 27도
1733,도개발공사 신입사원 9명 공채 진행
1734, 중구청과 함께하는 '2022년 청년의 날'
1735,부동산원-경찰청 사회안전망 구축 맞손
1736,지검 '불법 외화 송금' 우리은행 본점 압수수색
1737,보건대 예비 언어재활사 선서식
1738,에너지공단 경북본부 취약계층 보금자리 지원
1739,교육청 만학도 화집 '세상에서 가장 아름다운 ' 발간
1740,교육청 만학도 화집 '세상에서 가장 아름다운 ' 발간
1741,[뉴스+] ·경북 신공항 활주로는 2+1?
1742,DGB은행 비대면 결제 활성화 및 생활 편의 업종 'DGB i 카드' 출
1743,가톨릭대-경산 'DCU하양아트센터' 건립 협약 체결
1744, 달서구 성서산업단지 입주기업 현장탐방
1745,제주 진성욱 전 퇴장 징계 사후 감면…강원전 출전 가능
1746,벤처기업협회 인사이트포럼 '10월 6일  개최'
1747,가톨릭대학교병원 송석균 교수 과학기술통신부 지원 '생애 첫 연구사업'...
1748,가 낳은 아동문학가 윤복진 소장품 기증…일제강점기 문화예술의 재발견
1749,서 다세대주택에 화재 주민 1명 부상
1750,-가스공사 페가수스 농구단 연고 협약 진행
1751,서 다세대주택에 화재 주민 1명 부상
1752,농협 태풍 피해 외국인 가정 농가 복구 지원
1753, 상수도사업본부 20일부터 순차적으로 원래 수계(운문·가창댐)로 환원
1754,경일대 청년창업사관학교 '청년기업가 마인드 업 네트워킹 데이' 진행
1755, 중구 문화재야행 내년에도 열린다
1756, 북구 ‘금호강바람소리길 축제’ 개최
1757,·경북 노란 우산 고객권익 보호 위원회 설치
1758,소방 민안전테마파크 전국 첫 '안전 MBTI' 도입
1759, 달서구 빌라 3층서 불…1명 부상 
1760,‘보카바카’ 더현대 서 월 매출 1억 달성
1761,과학대 '한별스터디그룹' 프로그램 운영
1762,"""사는 분 고향으로 돌아오세요"""
1763,이만규 의회 의장 17개 도의회 3급 직위 신설 건의
1764,한의대 2023학년도 수 마감...경쟁률 6.7 대 1
1765,[오늘 날씨] ·경북 선선한 가을날씨…큰 일교차
1766,[기상청 경북 날씨] 고기압 영향 구름 많음... 낮 최고기온 25도
1767,‘꿈을 향한 비상’  학교 밖 청소년 진로박람회 개최
1768,영남이공대 교육청 일학습병행 우수협력기관 선정
1769, 경북통합신공항 민간공항 청사진 제
1770, '금호강 르네상스' 글로벌 내륙수변도로 전환
1771,영남이공대 교육청 일학습병행 우수협력기관 선정
1772,[동정] 윤석준  동구청장
1773,"의회 ""급히 추진되는 정 수정 보완 필요"""
1774,홍준표 장 250만 장으로 기득권 카르텔 제거 체인지  추...
1775, 호반써밋 더 센트럴이 이달 분양 예정
1776,농협 임직원 태풍 피해 외국인 가정 농가 복구 지원
1777,"""가톨릭대의 발전 기원… 앞으로도 열심히 뛸 것"""
1778,참여연대 “문기봉 내정자 부동산 많아 도로공사 임원 탈락” 지적
1779,'반도체 학과' 인기 수서 증명…경북 지역大 신설 '착착'
1780, 동구 여성행복아카데미 개최
1781, 중구정신건강복지센터 청년주간 캠페인 실
1782,[심층] 추락하는  부동산 장···경매 장도 하락세
1783, 보건환경연구원 유치원·학교 급식 먹거리에 대한 안전성 검사
1784,[부고] 우상현( 더블유병원장)씨 장모상
1785,의회 제295회 정례회 개회
1786,국제 바칼로레아 헤이노넨 회장 “ IB 교육 굉장했다”
1787,가톨릭대 교내 취창업관서 '2022 DCU  리크루트 투어' 개최
1788, 2021명 경북 2174명 코로나19 신규 확진
1789,22일부터 청년·신혼부부 매입임대주택 4천630호 모집… 452·경북 94호 ...
1790,22일부터 청년·신혼부부 매입임대주택 4천630호 모집… 452·경북 94호 ...
1791, 2955명 신규 확진…지난주 같은 요일 대비 20% 감소
1792,22일  달서구 빌라 3층 화재…전날에는 자동차검사장에 불
1793, 계명문화대 이미용 플러스 컨설팅 지원사업 수료식 개최
1794,‘돌싱글즈3’ 이소라♥︎최동환  첫 데이트였는데..“다 들켜서 집 데이...
1795,DGB은행 즐겨 쓰는 5개 영역 10% 할인 ‘DGB i 카드’ 출
1796,장 관사 지출 비공개에 행정소송
1797,가톨릭대학교병원 송석균 정형외과 교수...과학기술통신부 지원 '생애 첫...
1798,제1회  학교 밖 청소년 진로박람회 개최
1799,' 맏형' 이근호 집념으로 일군 1호골 '베이비 세리머니' 비하인드
1800, 집중안전점검 설 42.8% 완료
1801, 인플루엔자 무료예방접종 실
1802,'공든탑 무너질라'...교육청 'IB 본부 회장 인터뷰' 기자들에게 연락안해
1803,현풍향교 문묘에서 수성문화원 예절대학생 알묘
1804,·영남 119특수대응단 대규모 사고대응 합동훈련
1805, 급식 지원 카드 '배달앱'에서도 사용
1806, 신천 생태·문화·활력 고품격 수변공원 조성
1807, 중구 ‘ 빛낸 예술가와 함께하는 가을여행’ 공연 펼쳐
1808,교육청 방글라데 교육 공무원 교육정보화 연수 진행
1809,한국교통안전공단 경북본부-ktMOS 남부본부 교통안전 문화 정착 위한...
1810,제3산업단지관리공단 채용박람회 성황
1811,보건대-경남도립거창대학 대학원격교육지원 활성화 위해 '맞손'
1812, 942명 신규 확진…2개월 만에 1천명 미만 기록
1813,도개발공사 신입사원 9명 공개 채용
1814,[동정] 배광식 북구청장
1815,[심층] '국민의힘 싹쓸이' 의회 '거수기' 오명 벗나?
1816,김진열 군위군수 임이자 경북도당위원장 만나  편입 협조 요청
1817,인천 오토바이 날치기범 서 검거
1818, 북구청 2022년 '금호강바람소리길축제' 개최
1819,아토몽드 오상태 대표 한의대 화장품산업협업센터 부센터장 위촉
1820, 북구청 2022년 '금호강바람소리길축제' 개최
1821,아토몽드 오상태 대표 한의대 화장품산업협업센터 부센터장 위촉
1822,보건대-경남도립거창대 대학원격교육지원 활성화 위해 ‘맞손’
1823, '청년 귀환 채널구축 사업' 수도권 사업설명회 성료
1824,DGB은행 중구 지역민과 함께하는 '동행 도락' 나눔 행사
1825,"은행 DGB i 카드 출... ""즐겨 쓰는 5개 영역 할인"""
1826,가톨릭대 우동기 총장 20일 퇴임미사 갖고 임기 마무리
1827,문화예술회관 '2022 올해의 중견작가'展
1828, 통합신공항에 민간 전용 제2활주로 건설 추진
1829,"[포토뉴스] "" 민들께 우승으로 보답"" 市-한국가스공사 프로농구단 연고..."
1830,국제 바칼로레아 본부 회장단 16일  방문
1831,‘보카바카’ 더현대  매장 월 매출 1억 달성
1832, 홍준표 장 가창댐.공산댐.권 댐 방문
1833, 계명대 포스텍과 융복합 인재 양성 협력키로
1834,[인터뷰] 신명호 검사 생활 마무리 에서 변호사로 새 출발
1835,"교육청 학교 업무 재정비…""실효성 낮은 158개 사업 폐지·개선"""
1836, 결식우려 아동 겪는 낙인감… 디지털 비대면 전환으로 해소
1837, 제22회 국제식품산업전 개최...식품 트렌드를 한 눈에
1838,제2회 청소년동아리경진대회 동네잔치
1839,적십자사 우진엘리베이터 코로나 위기가정 위한 '씀씀이가 바른기업'가입
1840,강서소방서 소방공무원 청렴친절 교육
1841,영남이공대 교육청 일학습병행 우수협력기관 선정
1842,TBC) 아파트 매매가 45주 연속 하락
1843,-한국가스공사 프로농구단 연고지 협약체결
1844,술집 창업 프랜차이즈 '오늘술집 주다방' 동성로점 신규 오픈
1845,한의대 경북권 장애학생 대학생활 체험 프로그램 2년 연속 선정
1846,"홍준표 장 ""군부대 통합이전 연내 가화"""
1847, 북구 자율방범대 초소 수선비 지원
1848,의회 공공설관리공단 이사장 인사청문회 실
1849,후배 성추행 前 FC 프로축구 선수에 징역 5년 구형
1850,제22회 국제식품산업전 내일 엑스코서 개막
1851,"복지부 "" 첨단의료복합단지 재정 자립도 60%대도 힘들어"""
1852,[B tv 뉴스]'일한 만큼 보상' 민간형 노인일자리 확산
1853,보건대 임상병리학과 청소년 발명 아이디어 경진대회서 대상 수상
1854,립예술단 민행복 콘서트 개최
1855,경북도 민 대상 '귀농귀촌' 홍보…엑스코 박람회 참가
1856, 다사농협 직원 고객의 보이스피싱 피해 막아
1857,공업대학교 헤어디자인과 창업동아리 왁싱 프로그램 교육 실
1858," 수성구·포항 남구 조정대상지역 해제…""지역 부동산엔 제한적 영향"" 전..."
1859,지방국세청 납세자에 편의 제공한 '올해의 우수직원 11명' 포상
1860, 청년 귀환 채널구축 수도권 사업설명회 성료
1861,한의대-롯데아울렛 율하점 산학협력 업무협약
1862,윤석준 동구청장 사회적경제조직 합동 교육
1863, 수출 18개월 연속 성장세… 경북은 상승 반전
1864,'2023 AFC 아안컵 유치' 총력…경북서 경기 요청
1865," ""신공항 활주로 3.8㎞…간당 50회 이상 운항 가능해야"""
1866, 달성군 2022년 찾아가는 자원봉사대학 개최
1867, 새마을회장단 동구청 방문 간담회
1868, 코로나19 2955명 신규확진 사망 4명
1869,"""수많은 호남 의병들 형무소서 이슬로…"""
1870, 새마을회장단 동구청 방문 간담회
1871, 중구청 근대골목 '아트체험' 행사 운영
1872,지역 금복주 신제품 '제로 투(zero 2)' 출
1873,동부경찰 잔소리 격분 사촌형 흉기로 위협한 50대 검거
1874,[B tv 뉴스]경북통합신공항 개항 30년 후 인천공항 2/3규모 확대
1875, 영남이공대 교육청으로부터 일학습병행 우수협력기관 선정
1876,[포토]고산정수사업소 현장 방문 중인 홍준표 장
1877,“어제(20일) 에서 만취한 여성 운전자가 분식집으로 돌진했습니다” (영...
1878, 달서구 빌라 화재…20대 여성 2도 화상
1879, 수성·포항남 부동산 조정지역 해제
1880, 수성·포항남 부동산 조정지역 해제
1881,지역 공공도서관·학교 '독서의 달' 행사
1882, 수출초보기업에 맞춤형 지원·수출 활력 제고
1883,에서 취재진 질문 받는 안철수 의원
1884,DGB은행 ‘즐겨 쓰는 5개 영역 할인’ DGB i 카드 출
1885,DGB은행 중구 지역민과 함께하는 ‘동행 도락’ 나눔 행사
1886," ""클릭 한 번으로 호텔·놀이설 등 할인"""
1887,“불화 때문에...” 서 아내 살해 후 유기한 60대 구속 송치
1888,[B tv 뉴스]<탄소중립 '지금 우리는'> 현풍중학교 텀블러데이
1889,"[] ""신공항 2단계...민간 전용 활주로 추가 건설"""
1890,[동정] 조재구 남구청장
1891,"[] ""신공항 2단계...민간 전용 활주로 추가 건설"""
1892,주한 키르기스스탄 대사 대한민국 의료의 메카 '메디티' 방문
1893, 수출초보기업 맞춤형 지원 나선다
1894,[포토뉴스] 교육청 직업교육 박람회...로봇 알고리즘 개발 체험하는 학...
1895,DGB은행 지역민과 함께하는 '동행 도락' 나눔 행사 진행
1896,청년이여 로 욜로온나
1897, 제15회 치매극복의 날 기념식 개최
1898,보건대-경남도립거창대학 대학원격교육지원 활성화 위해 ‘협력’
1899,지검 '수상한 외환거래' 중국계 한국인 구속영장 청구(종합)
1900, 서구 달콤한 인문학 콘서트 개최
1901,보건대 예비 언어재활사 선서식 개최
1902,·경북 가끔 구름 많음…경북동해안 5mm내외 비
1903,"군위군수 국회 방문해 "" 편입 약속 지켜달라"""
1904,보건대학교 임상병리학과 청소년 발명 아이디어 경진대회서 대상 수상
1905,[동정] 류한국 서구청장
1906,홍준표 장 가창댐·공산댐 등 권 댐 잇따라 방문
1907,[포토뉴스] 매일 탑 리더스 아카데미서 특강하는 홍준표 장
1908, 수출초보기업 맞춤형 해외 진출 지원
1909,[동정] 홍준표 장
1910,[동정] 홍준표 장
1911,코로나 이후 택배노동자 산업재해 신청건수 6배 늘었다… 내 지원조례 2곳...
1912, 중구청 '2023  문화재 야행' 국비지원 선정
1913, 동구청 이색적인 통화 연결음으로 청렴 홍보
1914,[포토] 김광진 광주 문화경제부장 '2022 국제식품대전' 개막식 ...
1915,한의대 동의한방촌 교육청 교직원 한방 웰니스 직무체험 연수
1916, 상수도사업본부 운문ㆍ가창댐 저수율 회복으로 수계 정상화
1917,"퀴어문화축제 10월1일 개최…""인권축제·연대의 장"""
1918,병든 낙타 방치해 숨지게 한 의 한 동물원 운영자 징역형의 집유 선고
1919, 금호강 100리길 도의 발코니로 만든다.
1920,-가스공사 프로농구단 연고지 협약
1921,부동산원·경찰청 범죄 피해자 지원 사회안전망 구축 MOU
1922,신천 수변공원화 사업 발표하는  홍성주 환경수자원국장
1923, 구청장·군수협의회 포항 태풍피해 복구 성금 1000만원 전달
1924,DGB은행 지역민과 함께하는 ‘동행 도락’ 나눔 행사 펼쳐
1925,"국방부 ""가 군부대 통합 이전 요청한다면 적극 검토할 것"""
1926,홍준표 장 가창댐 외 현장 확인
1927,DGB은행 지방은행 첫 '레드크로스 아너스 기업' 선정
1928,'업소 유착' 징계받은 경찰 ·경북 3명
1929,강민구 民당 위원장 “4년 후 떠날 홍준표 장 저지레 우려”
1930, 무료 인플루엔자 예방접종 순차적 실
1931, 자살예방의 날 복지부 장관 표창
1932,'대경연' 31년 만에 분리… 자체 연구원 설립 추진
1933,‘역 센트레빌 더 오페라’ 9월 30일 견본주택 오픈
1934, 동구보건소 보건복지부 장관 표창
1935,국제 바칼로레아 본부 회장단 서 IB교육 발전 방향 모색
1936,보건대학교 고연오 학생 중소벤처기업부장관상(대상) 수상
1937, 남구청 '고미술과 인사하기' 신천둔치서 개최
1938, '코로나19' 확진자 942명...사망 1명
1939,[오늘 날씨] ·경북 출근길 기온 뚝... 낮 최고 24도
1940,관광 라이브커머스 2차 9월 특별기획전 작
1941, 경북연구원 분리해 자체 연구원 설립
1942,교육청 '2022 직업교육박람회 특.마 페스티벌' 개최
1943,제9대 의회 '제2기 정책연구위원회' 위촉식 개최
1944, 달성토성마을축제 '별을 밝히다' 개최
1945, 달성군에 100대 피아노 화음 울려 퍼진다
1946,부산· 등 지방 41곳 '조정대상지역' 해제…서울·수도권 다수 '투기과열...
1947,사이버대 2022 DCU 가을 페스티벌 개최
1948, 수성구 SW핵심인재 양성 일자리 창출 추진
1949,DGB은행 중구 지역민과 함께하는 '동행 도락' 나눔 행사
1950, 제8회 청년주간 개최
1951,DGB은행 중구 지역민과 함께하는 '동행 도락' 나눔 행사
1952,도철도 순환선의 방향은?…유력 'AGT방식' 특징·향후 과제는
1953, 초등학교 어린이보호구역 15% 관리부실
1954,[노인영의 풍수이야기] <3> 동구 상중심 마을과 응해산
1955,한의대 청소년교육상담학과와 반려동물보건학과 치유도우미견과 함께하...
1956, 경북연구원 분리해 자체 연구원 설립
1957,"""악취 차단""  은행 열매 조기 채취 나선다"
1958, 서구 비산2.3동 '달성토성마을골목축제' 개최
1959,설공단 ‘옛날 사진 공모전’수상작 메타버스 전회 개최
1960,영양군 청기면  도심 한복판서 농·특산물 직거래 행사 성황
1961,IB 도입 3년…교육청 “확산 위해 대입제도 개선”
1962, 서구 비산2.3동 달성토성마을골목축제 개최
1963,제주 진성욱 전 퇴장 징계 사후 감면
1964, 상수도사업본부 운문댐 등 저수율 회복 수계 정상화
1965,창립 20주년 신용회복위 경북지원단 기부물품 전달 및 신용상담 진행
1966, 동구 '막걸리 문화축제' 24~25일 불로전통장
1967,"김신영 ""전국노래자랑  오프닝 후 대성통곡…출연료는 주는 대로"""
1968,한의대-지노인전문병원 의료분야 공동발전 업무협약 체결
1969, 지자체 자살예방사업 우수기관 선정 쾌거
1970,‘골든벨 스템’ 도입한  프랜차이즈 ‘한고집’
1971, 신천을 생태·문화·활력·스마트한 고품격 수변공원으로 조성
1972,산업부 '수출현장지원단' 본격 가동… 성서산업단지서 첫 활동
1973,삼성만 만나면 천하무적 KT 연장 혈투 끝에 9-7 승 [ 리뷰]
1974, 달성군 찾아가는 자원봉사대학 개최
1975, 수성구 취약계층 아동 가정에 해충 방역 방역업체와 업무협약
1976, 서구문화회관 마토콘서트 '비상(飛上)' 공연 개최
1977, 동구 5층 빌라서 화재…2000여만원 재산피해
1978,이태훈 달서구청장 달서구노인복지정책위원회 회의
1979, 무상급식·내버스 보조금 들여다본다
1980,"민주당 강민구 위원장 ""홍준표 정 감·차기 총선 2석 이상 확보하겠..."
1981," ""대학생 학자금대출 부담 덜어드립니다"""
1982,'수상한 외환 거래' 추적 지검 우리은행 본점 압수수색
1983,은행 지역민과 함께하는 '동행 도락' 나눔 행사
1984,'전 2골 1도움' 전북 바로우 K리그1 31라운드 MVP
1985,경북서 각 2천명대 신규 확진… 5명 경북 2명 사망
1986,국내 유일  액티브니어박람회 10월 개최
1987,강은희 교육감 전국체전 출전 선수 격려
1988, 동구청 뮤지컬 '신숭겸' 공연 개최
1989,메가젠임플란트  성서5차산단에 제2공장 설립한다
1990,동구청·수성구청·고산도서관 [소식]
1991,[한국가스공사- 연고 협약] 홍준표 장 “민을 대표해 감사...
1992,2022  베이비키즈 박람회 15일 엑스코서 개막
1993,가톨릭대 2022 DCU  리크루트 투어 개최
1994,지법 포항지원 길고양이 학대하고 죽인 30대 '징역 2년 6월' 실형
1995,변호사회 '애산인권상' 초대 수상자 이용수 할머니 서울변호사회 '민인...
1996, 경북연구원 분리해 '자체 연구원 설립' 추진
1997,보건대 예비 언어재활사 선서식 개최
1998,국제오페라축제 23일 ‘토란도트’로 개막
1999, 달성군 석회유황합제 수요조사 벌인다
